0,1
0.03,0.165
0.015,0.17
0.015,0.185
-0.005,0.2
0.0,0.22
0.0,0.215
-0.02,0.195
-0.025,0.19
-0.04,0.175
-0.05,0.18
-0.055,0.175
-0.055,0.175
-0.065,0.16
-0.09,0.16
-0.11,0.18
-0.105,0.19
-0.1,0.195
-0.075,0.19
-0.065,0.18
-0.055,0.165
-0.06,0.175
-0.075,0.17
-0.09,0.15
-0.13,0.14
-0.135,0.115
-0.125,0.125
-0.08,0.15
0.0,0.18
0.13,0.19
0.3,0.17
0.535,0.14
0.8,0.135
1.065,0.16
1.31,0.25
1.5,0.36
1.585,0.47
1.56,0.6
1.395,0.725
1.14,0.805
0.8,0.795
0.455,0.71
0.185,0.545
-0.005,0.37
-0.11,0.21
-0.155,0.105
-0.16,0.055
-0.145,0.045
-0.125,0.065
-0.11,0.1
-0.09,0.15
-0.095,0.195
-0.12,0.205
-0.145,0.205
-0.16,0.175
-0.175,0.145
-0.175,0.135
-0.18,0.15
-0.165,0.15
-0.17,0.14
-0.185,0.13
-0.17,0.135
-0.17,0.13
-0.175,0.15
-0.18,0.155
-0.175,0.16
-0.17,0.155
-0.175,0.14
-0.185,0.135
-0.17,0.14
-0.175,0.13
-0.175,0.125
-0.18,0.11
-0.19,0.115
-0.175,0.11
-0.165,0.13
-0.16,0.135
-0.16,0.155
-0.155,0.125
-0.16,0.13
-0.16,0.13
-0.155,0.13
-0.17,0.12
-0.175,0.105
-0.165,0.085
-0.155,0.085
-0.155,0.09
-0.135,0.105
-0.14,0.11
-0.145,0.13
-0.145,0.12
-0.145,0.115
-0.13,0.105
-0.13,0.1
-0.13,0.07
-0.13,0.065
-0.145,0.035
-0.135,0.045
-0.125,0.06
-0.11,0.06
-0.1,0.07
-0.105,0.06
-0.1,0.055
-0.09,0.045
-0.09,0.055
-0.09,0.05
-0.09,0.05
-0.095,0.025
-0.115,0.03
-0.09,0.015
-0.07,0.035
-0.065,0.045
-0.055,0.035
-0.055,0.025
-0.055,0.03
-0.055,0.03
-0.065,0.035
-0.07,0.04
-0.07,0.025
-0.07,0.005
-0.075,-0.025
-0.07,-0.015
-0.08,0.01
-0.07,0.02
-0.08,0.02
-0.08,0.045
-0.055,0.035
-0.05,0.045
-0.04,0.055
-0.04,0.05
-0.05,0.055
-0.05,0.04
-0.035,0.04
-0.03,0.06
-0.015,0.09
0.0,0.115
0.02,0.145
0.025,0.145
0.035,0.14
0.04,0.135
0.04,0.145
0.03,0.145
0.025,0.15
0.01,0.14
-0.005,0.125
-0.005,0.15
-0.01,0.17
-0.015,0.185
-0.02,0.195
-0.015,0.225
-0.02,0.215
-0.025,0.205
-0.025,0.2
-0.03,0.205
-0.015,0.205
-0.025,0.2
-0.035,0.18
-0.025,0.17
-0.045,0.17
-0.045,0.195
-0.035,0.195
-0.015,0.205
-0.005,0.195
-0.005,0.175
0.0,0.175
-0.01,0.165
-0.025,0.185
-0.03,0.18
-0.04,0.17
-0.04,0.16
-0.03,0.165
-0.04,0.17
-0.04,0.205
-0.04,0.215
-0.015,0.21
-0.025,0.205
-0.01,0.185
-0.025,0.18
-0.02,0.185
-0.025,0.185
-0.03,0.185
-0.04,0.185
-0.035,0.175
-0.03,0.18
-0.01,0.205
-0.01,0.205
-0.01,0.215
-0.01,0.19
-0.005,0.185
-0.005,0.165
-0.01,0.165
-0.025,0.165
-0.035,0.17
-0.035,0.165
-0.02,0.165
-0.02,0.185
-0.01,0.19
-0.015,0.2
-0.02,0.205
-0.02,0.2
-0.03,0.2
-0.045,0.185
-0.03,0.185
-0.03,0.185
-0.01,0.195
-0.02,0.185
-0.025,0.175
-0.015,0.17
0.0,0.175
0.0,0.195
0.005,0.21
0.0,0.205
0.01,0.195
0.005,0.17
0.02,0.185
0.025,0.205
0.03,0.215
0.025,0.24
0.03,0.24
0.03,0.235
0.045,0.235
0.07,0.25
0.085,0.26
0.105,0.265
0.11,0.26
0.12,0.24
0.125,0.225
0.13,0.23
0.14,0.23
0.155,0.225
0.155,0.2
0.145,0.18
0.15,0.19
0.15,0.2
0.15,0.21
0.125,0.225
0.105,0.215
0.1,0.195
0.08,0.185
0.06,0.165
0.03,0.175
0.025,0.19
0.02,0.195
0.025,0.185
0.0,0.205
-0.015,0.21
-0.03,0.23
-0.04,0.2
-0.06,0.19
-0.055,0.175
-0.07,0.145
-0.07,0.15
-0.075,0.155
-0.095,0.16
-0.095,0.165
-0.07,0.155
-0.07,0.16
-0.05,0.17
-0.055,0.185
-0.07,0.185
-0.065,0.18
-0.095,0.155
-0.095,0.15
-0.105,0.14
-0.105,0.145
-0.13,0.135
-0.115,0.14
-0.075,0.135
0.0,0.135
0.125,0.15
0.29,0.17
0.485,0.15
0.73,0.14
0.985,0.15
1.235,0.2
1.45,0.3
1.595,0.42
1.615,0.55
1.505,0.64
1.27,0.715
0.955,0.705
0.615,0.655
0.31,0.54
0.06,0.395
-0.09,0.235
-0.165,0.095
-0.18,0.015
-0.175,0.015
-0.135,0.06
-0.1,0.11
-0.09,0.14
-0.095,0.155
-0.09,0.17
-0.1,0.15
-0.12,0.16
-0.145,0.15
-0.165,0.14
-0.175,0.135
-0.175,0.11
-0.175,0.125
-0.18,0.135
-0.185,0.14
-0.19,0.145
-0.2,0.125
-0.18,0.145
-0.17,0.145
-0.16,0.165
-0.16,0.155
-0.16,0.15
-0.16,0.125
-0.18,0.115
-0.19,0.105
-0.205,0.105
-0.21,0.115
-0.195,0.105
-0.17,0.11
-0.165,0.125
-0.155,0.135
-0.16,0.14
-0.175,0.135
-0.17,0.12
-0.17,0.115
-0.165,0.1
-0.155,0.105
-0.16,0.1
-0.17,0.095
-0.175,0.08
-0.165,0.08
-0.165,0.085
-0.155,0.11
-0.14,0.1
-0.125,0.1
-0.105,0.095
-0.105,0.065
-0.115,0.07
-0.125,0.06
-0.13,0.07
-0.135,0.06
-0.14,0.065
-0.125,0.05
-0.11,0.05
-0.08,0.055
-0.07,0.065
-0.065,0.05
-0.07,0.035
-0.09,0.025
-0.11,0.015
-0.105,0.025
-0.115,0.03
-0.11,0.025
-0.105,0.01
-0.09,-0.01
-0.07,0.0
-0.055,0.005
-0.045,0.015
-0.035,0.015
-0.035,0.005
-0.035,-0.005
-0.045,-0.02
-0.065,0.005
-0.075,-0.005
-0.08,-0.005
-0.08,0.0
-0.08,0.01
-0.065,0.02
-0.055,0.03
-0.04,0.015
-0.045,0.01
-0.04,0.0
-0.04,0.01
-0.035,0.02
-0.045,0.045
-0.05,0.06
-0.035,0.065
-0.025,0.065
-0.01,0.075
-0.005,0.095
0.0,0.125
0.0,0.12
0.0,0.13
0.0,0.135
-0.015,0.14
-0.02,0.155
-0.02,0.165
-0.025,0.15
-0.055,0.145
-0.04,0.145
-0.02,0.155
-0.02,0.17
-0.015,0.19
-0.01,0.19
-0.015,0.16
-0.02,0.155
-0.025,0.15
-0.05,0.155
-0.035,0.14
-0.05,0.135
-0.06,0.14
-0.06,0.14
-0.05,0.155
-0.03,0.17
-0.035,0.185
-0.03,0.17
-0.03,0.15
-0.035,0.135
-0.045,0.145
-0.065,0.15
-0.055,0.155
-0.055,0.135
-0.05,0.12
-0.04,0.12
-0.035,0.15
-0.04,0.155
-0.03,0.155
-0.02,0.155
-0.02,0.14
0.0,0.135
-0.005,0.14
-0.01,0.14
-0.03,0.125
-0.04,0.115
-0.035,0.115
-0.025,0.125
-0.025,0.13
-0.015,0.155
0.0,0.145
0.005,0.15
-0.01,0.14
-0.005,0.135
-0.005,0.15
-0.015,0.155
-0.015,0.15
-0.025,0.125
-0.025,0.12
-0.04,0.115
-0.04,0.125
-0.025,0.13
-0.02,0.15
-0.015,0.135
-0.005,0.13
-0.005,0.12
-0.005,0.135
0.0,0.14
-0.015,0.125
-0.02,0.125
-0.025,0.11
-0.015,0.13
-0.02,0.15
-0.01,0.145
-0.005,0.145
0.005,0.145
0.03,0.145
0.04,0.155
0.045,0.175
0.045,0.175
0.055,0.165
0.05,0.165
0.055,0.15
0.07,0.17
0.085,0.175
0.1,0.18
0.13,0.185
0.14,0.165
0.165,0.145
0.16,0.13
0.155,0.135
0.15,0.14
0.14,0.12
0.12,0.115
0.12,0.115
0.11,0.12
0.1,0.13
0.09,0.12
0.075,0.115
0.08,0.12
0.05,0.12
0.035,0.13
0.0,0.125
-0.03,0.12
-0.045,0.115
-0.05,0.095
-0.065,0.1
-0.07,0.1
-0.075,0.12
-0.095,0.125
-0.085,0.11
-0.085,0.105
-0.095,0.095
-0.105,0.115
-0.125,0.115
-0.12,0.115
-0.13,0.1
-0.14,0.075
-0.125,0.085
-0.115,0.095
-0.115,0.105
-0.125,0.1
-0.125,0.11
-0.12,0.075
-0.14,0.065
-0.13,0.065
-0.1,0.085
-0.055,0.09
0.05,0.075
0.195,0.06
0.395,0.045
0.635,0.05
0.895,0.09
1.175,0.15
1.41,0.245
1.565,0.365
1.59,0.5
1.475,0.625
1.23,0.705
0.935,0.705
0.585,0.62
0.275,0.48
0.045,0.325
-0.125,0.175
-0.2,0.06
-0.21,-0.015
-0.18,-0.015
-0.135,0.01
-0.105,0.045
-0.1,0.095
-0.105,0.115
-0.14,0.115
-0.185,0.095
-0.22,0.055
-0.24,0.05
-0.24,0.07
-0.225,0.08
-0.22,0.075
-0.205,0.08
-0.21,0.09
-0.215,0.08
-0.21,0.085
-0.225,0.08
-0.235,0.07
-0.23,0.06
-0.24,0.05
-0.245,0.05
-0.255,0.055
-0.255,0.075
-0.245,0.085
-0.235,0.075
-0.21,0.075
-0.215,0.075
-0.21,0.075
-0.205,0.075
-0.22,0.06
-0.225,0.045
-0.235,0.03
-0.235,0.03
-0.24,0.045
-0.235,0.065
-0.235,0.05
-0.235,0.05
-0.215,0.04
-0.21,0.045
-0.205,0.04
-0.205,0.06
-0.205,0.04
-0.205,0.03
-0.21,0.02
-0.205,0.03
-0.195,0.03
-0.195,0.05
-0.195,0.045
-0.205,0.045
-0.195,0.03
-0.195,0.02
-0.185,0.02
-0.175,0.025
-0.18,0.015
-0.18,0.0
-0.18,-0.015
-0.17,-0.03
-0.165,-0.025
-0.165,-0.025
-0.155,-0.01
-0.155,-0.015
-0.14,-0.025
-0.15,-0.04
-0.15,-0.03
-0.145,-0.03
-0.145,-0.04
-0.14,-0.06
-0.145,-0.075
-0.16,-0.065
-0.14,-0.055
-0.14,-0.03
-0.13,-0.025
-0.135,-0.03
-0.13,-0.04
-0.12,-0.055
-0.125,-0.035
-0.135,-0.035
-0.135,-0.04
-0.13,-0.055
-0.14,-0.07
-0.14,-0.075
-0.14,-0.06
-0.11,-0.025
-0.105,-0.015
-0.09,-0.005
-0.095,0.0
-0.085,-0.01
-0.08,0.0
-0.065,0.02
-0.08,0.04
-0.07,0.03
-0.075,0.035
-0.075,0.05
-0.085,0.065
-0.065,0.1
-0.06,0.115
-0.035,0.12
-0.03,0.125
-0.05,0.11
-0.05,0.13
-0.065,0.125
-0.08,0.13
-0.1,0.12
-0.1,0.11
-0.1,0.105
-0.1,0.105
-0.095,0.135
-0.085,0.155
-0.08,0.155
-0.095,0.145
-0.095,0.14
-0.085,0.125
-0.085,0.13
-0.09,0.135
-0.11,0.14
-0.125,0.13
-0.125,0.115
-0.125,0.125
-0.13,0.12
-0.12,0.135
-0.11,0.155
-0.095,0.145
-0.1,0.13
-0.1,0.115
-0.09,0.11
-0.11,0.11
-0.125,0.135
-0.135,0.115
-0.145,0.12
-0.135,0.105
-0.12,0.11
-0.12,0.13
-0.105,0.145
-0.095,0.15
-0.095,0.14
-0.095,0.125
-0.09,0.115
-0.095,0.12
-0.1,0.125
-0.105,0.13
-0.12,0.125
-0.115,0.115
-0.11,0.125
-0.115,0.145
-0.12,0.14
-0.115,0.145
-0.105,0.125
-0.1,0.09
-0.09,0.1
-0.095,0.1
-0.09,0.105
-0.105,0.115
-0.12,0.105
-0.11,0.1
-0.105,0.115
-0.105,0.125
-0.095,0.13
-0.1,0.15
-0.1,0.145
-0.115,0.13
-0.115,0.11
-0.105,0.115
-0.095,0.105
-0.11,0.11
-0.14,0.12
-0.145,0.115
-0.14,0.105
-0.125,0.13
-0.1,0.14
-0.075,0.155
-0.06,0.16
-0.065,0.165
-0.045,0.155
-0.06,0.155
-0.045,0.16
-0.055,0.17
-0.035,0.16
-0.025,0.15
-0.005,0.16
0.02,0.155
0.06,0.175
0.08,0.185
0.08,0.17
0.09,0.145
0.07,0.115
0.05,0.1
0.03,0.085
0.025,0.095
0.02,0.105
0.015,0.105
0.025,0.1
0.025,0.105
0.025,0.11
0.015,0.115
-0.01,0.12
-0.03,0.12
-0.06,0.095
-0.075,0.09
-0.105,0.085
-0.13,0.105
-0.15,0.12
-0.16,0.12
-0.175,0.12
-0.175,0.1
-0.18,0.1
-0.18,0.095
-0.17,0.105
-0.175,0.105
-0.175,0.105
-0.18,0.09
-0.175,0.08
-0.19,0.08
-0.2,0.085
-0.2,0.09
-0.215,0.11
-0.21,0.085
-0.205,0.09
-0.19,0.095
-0.195,0.095
-0.21,0.1
-0.23,0.075
-0.24,0.07
-0.235,0.045
-0.205,0.045
-0.135,0.065
-0.055,0.075
0.07,0.08
0.24,0.06
0.43,0.035
0.68,0.05
0.93,0.085
1.16,0.185
1.36,0.29
1.46,0.4
1.45,0.515
1.31,0.6
1.095,0.67
0.81,0.685
0.51,0.635
0.24,0.535
0.03,0.395
-0.11,0.21
-0.205,0.075
-0.235,0.0
-0.23,-0.01
-0.22,-0.005
-0.21,0.03
-0.21,0.055
-0.21,0.085
-0.225,0.105
-0.24,0.115
-0.27,0.125
-0.29,0.11
-0.3,0.095
-0.3,0.08
-0.29,0.08
-0.3,0.08
-0.305,0.08
-0.315,0.085
-0.32,0.075
-0.32,0.065
-0.31,0.06
-0.305,0.075
-0.285,0.095
-0.29,0.12
-0.285,0.115
-0.285,0.105
-0.29,0.075
-0.305,0.06
-0.305,0.07
-0.305,0.08
-0.305,0.09
-0.305,0.085
-0.335,0.07
-0.325,0.07
-0.31,0.055
-0.305,0.07
-0.29,0.085
-0.285,0.09
-0.285,0.07
-0.275,0.05
-0.28,0.045
-0.295,0.04
-0.31,0.055
-0.315,0.065
-0.32,0.05
-0.32,0.04
-0.3,0.045
-0.295,0.045
-0.275,0.06
-0.275,0.055
-0.265,0.055
-0.255,0.025
-0.28,0.02
-0.27,0.015
-0.26,0.01
-0.26,0.015
-0.265,0.015
-0.245,0.015
-0.24,0.01
-0.245,0.015
-0.24,0.02
-0.25,0.025
-0.25,0.025
-0.255,0.0
-0.25,-0.02
-0.24,-0.04
-0.235,-0.04
-0.22,-0.03
-0.225,-0.02
-0.215,-0.01
-0.22,-0.01
-0.205,-0.02
-0.195,-0.01
-0.19,-0.005
-0.2,-0.01
-0.205,-0.04
-0.205,-0.06
-0.225,-0.085
-0.23,-0.08
-0.23,-0.065
-0.22,-0.05
-0.205,-0.045
-0.195,-0.035
-0.2,-0.035
-0.19,-0.035
-0.185,-0.015
-0.18,-0.015
-0.19,-0.025
-0.195,-0.04
-0.195,-0.055
-0.21,-0.055
-0.215,-0.035
-0.215,-0.005
-0.205,0.0
-0.185,0.01
-0.165,0.01
-0.155,0.02
-0.135,0.03
-0.135,0.045
-0.12,0.06
-0.125,0.075
-0.135,0.065
-0.135,0.07
-0.155,0.065
-0.145,0.09
-0.15,0.11
-0.165,0.115
-0.155,0.12
-0.145,0.125
-0.14,0.125
-0.135,0.135
-0.13,0.145
-0.145,0.14
-0.155,0.12
-0.16,0.1
-0.17,0.095
-0.175,0.105
-0.19,0.12
-0.195,0.115
-0.19,0.13
-0.185,0.125
-0.175,0.12
-0.175,0.115
-0.175,0.13
-0.165,0.11
-0.175,0.105
-0.185,0.1
-0.185,0.09
-0.18,0.105
-0.18,0.135
-0.185,0.145
-0.18,0.15
-0.175,0.145
-0.17,0.125
-0.175,0.11
-0.175,0.105
-0.18,0.105
-0.175,0.11
-0.175,0.095
-0.2,0.09
-0.17,0.09
-0.17,0.095
-0.16,0.105
-0.165,0.12
-0.165,0.115
-0.175,0.11
-0.18,0.095
-0.185,0.095
-0.18,0.11
-0.185,0.105
-0.185,0.095
-0.18,0.085
-0.185,0.085
-0.18,0.105
-0.17,0.125
-0.185,0.13
-0.17,0.12
-0.175,0.12
-0.19,0.105
-0.195,0.095
-0.2,0.1
-0.195,0.11
-0.2,0.095
-0.21,0.1
-0.19,0.085
-0.215,0.095
-0.195,0.105
-0.185,0.125
-0.17,0.13
-0.175,0.11
-0.165,0.09
-0.155,0.095
-0.165,0.095
-0.185,0.095
-0.21,0.1
-0.225,0.09
-0.225,0.105
-0.21,0.13
-0.165,0.16
-0.145,0.18
-0.12,0.18
-0.1,0.165
-0.085,0.16
-0.07,0.14
-0.075,0.135
-0.09,0.125
-0.095,0.11
-0.085,0.1
-0.07,0.105
-0.045,0.115
-0.035,0.12
-0.04,0.125
-0.03,0.12
-0.025,0.105
-0.035,0.11
-0.045,0.1
-0.06,0.095
-0.07,0.095
-0.095,0.085
-0.105,0.065
-0.125,0.075
-0.15,0.095
-0.175,0.105
-0.19,0.12
-0.195,0.11
-0.215,0.09
-0.225,0.1
-0.24,0.08
-0.265,0.08
-0.28,0.055
-0.285,0.055
-0.3,0.05
-0.3,0.055
-0.31,0.075
-0.305,0.1
-0.31,0.105
-0.295,0.085
-0.295,0.09
-0.295,0.095
-0.29,0.09
-0.31,0.085
-0.305,0.08
-0.32,0.045
-0.32,0.055
-0.335,0.04
-0.33,0.055
-0.32,0.055
-0.3,0.06
-0.24,0.06
-0.145,0.045
0.0,0.045
0.19,0.035
0.405,0.02
0.66,0.03
0.935,0.075
1.17,0.19
1.325,0.33
1.39,0.475
1.315,0.615
1.125,0.7
0.865,0.74
0.56,0.685
0.27,0.58
-0.01,0.42
-0.195,0.26
-0.325,0.085
-0.365,-0.025
-0.365,-0.065
-0.335,-0.045
-0.295,0.01
-0.265,0.065
-0.27,0.1
-0.28,0.1
-0.31,0.095
-0.345,0.075
-0.38,0.07
-0.395,0.07
-0.405,0.07
-0.415,0.045
-0.405,0.045
-0.395,0.03
-0.39,0.06
-0.385,0.065
-0.375,0.085
-0.375,0.065
-0.375,0.05
-0.39,0.055
-0.38,0.06
-0.39,0.07
-0.395,0.07
-0.4,0.06
-0.405,0.045
-0.4,0.055
-0.4,0.06
-0.39,0.065
-0.375,0.07
-0.365,0.065
-0.365,0.05
-0.365,0.045
-0.365,0.04
-0.38,0.05
-0.39,0.025
-0.405,0.015
-0.4,-0.01
-0.385,0.0
-0.375,0.015
-0.365,0.03
-0.36,0.035
-0.35,0.04
-0.35,0.03
-0.345,0.02
-0.335,0.025
-0.335,0.025
-0.345,0.0
-0.35,-0.01
-0.36,-0.02
-0.365,-0.02
-0.365,-0.005
-0.36,-0.005
-0.35,0.0
-0.34,-0.005
-0.32,-0.025
-0.295,-0.035
-0.295,-0.04
-0.295,-0.03
-0.3,-0.045
-0.315,-0.05
-0.31,-0.065
-0.3,-0.06
-0.3,-0.07
-0.3,-0.05
-0.295,-0.055
-0.28,-0.08
-0.27,-0.095
-0.25,-0.095
-0.245,-0.09
-0.255,-0.075
-0.27,-0.07
-0.29,-0.085
-0.29,-0.095
-0.28,-0.09
-0.285,-0.07
-0.27,-0.065
-0.255,-0.055
-0.26,-0.05
-0.25,-0.07
-0.255,-0.07
-0.25,-0.06
-0.245,-0.055
-0.26,-0.07
-0.26,-0.075
-0.26,-0.09
-0.25,-0.09
-0.225,-0.055
-0.22,-0.01
-0.215,0.01
-0.205,0.025
-0.18,0.015
-0.185,0.02
-0.185,0.015
-0.18,0.025
-0.19,0.04
-0.195,0.055
-0.2,0.055
-0.2,0.06
-0.2,0.065
-0.195,0.085
-0.2,0.095
-0.185,0.11
-0.195,0.1
-0.195,0.09
-0.21,0.075
-0.225,0.08
-0.24,0.08
-0.25,0.09
-0.26,0.085
-0.25,0.06
-0.235,0.08
-0.22,0.09
-0.21,0.115
-0.21,0.11
-0.21,0.1
-0.215,0.09
-0.21,0.06
-0.235,0.075
-0.24,0.08
-0.255,0.075
-0.255,0.065
-0.26,0.065
-0.26,0.085
-0.25,0.09
-0.24,0.1
-0.22,0.105
-0.21,0.095
-0.21,0.08
-0.215,0.07
-0.21,0.075
-0.215,0.07
-0.235,0.08
-0.25,0.065
-0.27,0.06
-0.26,0.065
-0.255,0.07
-0.23,0.095
-0.225,0.105
-0.205,0.095
-0.2,0.075
-0.2,0.07
-0.215,0.065
-0.23,0.065
-0.235,0.075
-0.24,0.07
-0.235,0.07
-0.245,0.07
-0.235,0.075
-0.245,0.09
-0.23,0.095
-0.225,0.08
-0.22,0.07
-0.22,0.07
-0.21,0.06
-0.21,0.065
-0.23,0.065
-0.24,0.08
-0.255,0.08
-0.26,0.08
-0.25,0.075
-0.23,0.085
-0.22,0.09
-0.215,0.1
-0.225,0.08
-0.22,0.075
-0.23,0.06
-0.225,0.065
-0.215,0.075
-0.215,0.09
-0.2,0.09
-0.18,0.105
-0.175,0.12
-0.165,0.13
-0.15,0.15
-0.135,0.15
-0.13,0.145
-0.145,0.13
-0.135,0.105
-0.12,0.085
-0.11,0.095
-0.085,0.115
-0.07,0.11
-0.05,0.1
-0.025,0.1
-0.025,0.105
-0.025,0.105
-0.03,0.095
-0.055,0.09
-0.06,0.07
-0.07,0.055
-0.09,0.035
-0.115,0.04
-0.135,0.055
-0.17,0.06
-0.195,0.055
-0.205,0.055
-0.205,0.075
-0.2,0.1
-0.2,0.105
-0.205,0.105
-0.23,0.09
-0.255,0.055
-0.275,0.04
-0.3,0.035
-0.305,0.05
-0.3,0.055
-0.29,0.04
-0.28,0.04
-0.27,0.045
-0.275,0.05
-0.275,0.075
-0.295,0.07
-0.3,0.065
-0.3,0.05
-0.31,0.045
-0.32,0.04
-0.325,0.045
-0.335,0.04
-0.34,0.025
-0.33,0.01
-0.305,0.005
-0.265,0.035
-0.185,0.04
-0.07,0.045
0.08,0.03
0.28,-0.005
0.535,0.01
0.805,0.06
1.065,0.165
1.285,0.29
1.4,0.45
1.38,0.585
1.225,0.69
0.98,0.785
0.645,0.765
0.295,0.67
0.0,0.48
-0.23,0.285
-0.36,0.1
-0.42,-0.02
-0.41,-0.07
-0.375,-0.075
-0.34,-0.05
-0.285,-0.01
-0.28,0.045
-0.27,0.065
-0.31,0.065
-0.345,0.07
-0.365,0.04
-0.39,0.025
-0.405,-0.005
-0.405,0.01
-0.41,0.03
-0.4,0.04
-0.39,0.03
-0.385,0.03
-0.365,0.045
-0.34,0.045
-0.34,0.045
-0.345,0.045
-0.345,0.04
-0.37,0.02
-0.375,0.01
-0.37,0.015
-0.38,0.025
-0.38,0.02
-0.385,0.015
-0.37,0.02
-0.375,0.015
-0.37,0.025
-0.365,0.035
-0.38,0.005
-0.37,0.005
-0.37,-0.005
-0.375,0.005
-0.375,0.0
-0.375,-0.005
-0.35,-0.015
-0.335,-0.01
-0.325,-0.005
-0.32,0.005
-0.32,0.01
-0.335,-0.005
-0.335,-0.02
-0.33,-0.035
-0.325,-0.03
-0.325,-0.03
-0.32,-0.035
-0.325,-0.045
-0.325,-0.06
-0.305,-0.055
-0.3,-0.055
-0.3,-0.045
-0.28,-0.045
-0.275,-0.05
-0.27,-0.055
-0.27,-0.075
-0.275,-0.07
-0.29,-0.075
-0.295,-0.08
-0.295,-0.1
-0.275,-0.105
-0.26,-0.09
-0.245,-0.075
-0.23,-0.07
-0.22,-0.075
-0.21,-0.09
-0.205,-0.1
-0.21,-0.1
-0.23,-0.1
-0.245,-0.115
-0.25,-0.13
-0.255,-0.12
-0.255,-0.105
-0.245,-0.095
-0.24,-0.08
-0.225,-0.085
-0.22,-0.09
-0.205,-0.09
-0.195,-0.08
-0.185,-0.08
-0.185,-0.075
-0.18,-0.09
-0.175,-0.09
-0.175,-0.07
-0.17,-0.035
-0.165,-0.015
-0.16,0.01
-0.15,0.005
-0.125,0.01
-0.12,0.025
-0.12,0.045
-0.135,0.05
-0.14,0.045
-0.16,0.035
-0.18,0.04
-0.195,0.05
-0.19,0.07
-0.2,0.075
-0.195,0.055
-0.175,0.07
-0.165,0.08
-0.155,0.09
-0.16,0.075
-0.155,0.075
-0.16,0.05
-0.17,0.035
-0.185,0.04
-0.205,0.055
-0.22,0.065
-0.22,0.075
-0.215,0.06
-0.195,0.07
-0.175,0.055
-0.17,0.065
-0.165,0.07
-0.17,0.05
-0.17,0.045
-0.175,0.035
-0.18,0.035
-0.18,0.045
-0.18,0.05
-0.175,0.06
-0.185,0.045
-0.155,0.055
-0.145,0.06
-0.14,0.055
-0.16,0.06
-0.16,0.05
-0.165,0.03
-0.17,0.015
-0.17,0.015
-0.185,0.035
-0.195,0.045
-0.195,0.06
-0.19,0.055
-0.2,0.055
-0.18,0.06
-0.17,0.07
-0.165,0.045
-0.165,0.04
-0.17,0.02
-0.165,0.025
-0.175,0.03
-0.185,0.05
-0.18,0.065
-0.19,0.06
-0.175,0.055
-0.165,0.05
-0.175,0.065
-0.17,0.07
-0.19,0.07
-0.185,0.055
-0.185,0.03
-0.175,0.03
-0.185,0.035
-0.19,0.045
-0.16,0.04
-0.165,0.05
-0.16,0.07
-0.16,0.085
-0.16,0.095
-0.16,0.115
-0.13,0.1
-0.11,0.08
-0.095,0.07
-0.095,0.07
-0.075,0.1
-0.075,0.1
-0.055,0.085
-0.03,0.085
-0.01,0.075
0.02,0.08
0.025,0.08
0.015,0.07
0.005,0.055
-0.01,0.045
-0.01,0.045
-0.015,0.045
-0.025,0.05
-0.02,0.04
-0.04,0.03
-0.055,0.025
-0.075,0.03
-0.105,0.05
-0.12,0.065
-0.13,0.07
-0.145,0.065
-0.155,0.055
-0.175,0.04
-0.195,0.03
-0.2,0.02
-0.225,0.025
-0.235,0.005
-0.23,0.0
-0.23,0.02
-0.235,0.035
-0.235,0.04
-0.25,0.045
-0.255,0.02
-0.25,0.025
-0.25,0.03
-0.26,0.015
-0.265,0.03
-0.26,0.03
-0.26,0.025
-0.25,0.02
-0.245,0.01
-0.24,0.01
-0.235,0.025
-0.23,0.015
-0.205,0.025
-0.155,0.005
-0.06,0.01
0.065,-0.005
0.245,-0.015
0.485,-0.005
0.755,0.01
1.045,0.075
1.295,0.185
1.45,0.345
1.505,0.495
1.415,0.62
1.2,0.7
0.87,0.7
0.505,0.635
0.15,0.49
-0.125,0.34
-0.305,0.155
-0.37,0.0
-0.365,-0.1
-0.325,-0.13
-0.285,-0.095
-0.23,-0.04
-0.225,0.005
-0.23,0.025
-0.245,0.05
-0.275,0.025
-0.3,0.02
-0.32,0.01
-0.335,0.005
-0.33,0.01
-0.32,0.005
-0.305,-0.005
-0.295,0.005
-0.28,0.03
-0.28,0.025
-0.29,0.02
-0.3,-0.005
-0.315,-0.01
-0.31,-0.015
-0.305,-0.03
-0.305,-0.02
-0.295,-0.025
-0.285,-0.02
-0.285,-0.005
-0.285,0.015
-0.285,0.025
-0.28,0.01
-0.275,-0.01
-0.265,-0.02
-0.275,-0.025
-0.27,-0.02
-0.265,-0.015
-0.27,-0.005
-0.275,-0.02
-0.28,-0.02
-0.29,-0.025
-0.27,-0.01
-0.275,-0.02
-0.26,-0.04
-0.265,-0.05
-0.26,-0.075
-0.26,-0.07
-0.25,-0.055
-0.245,-0.05
-0.25,-0.05
-0.25,-0.05
-0.25,-0.04
-0.235,-0.04
-0.23,-0.03
-0.215,-0.04
-0.2,-0.05
-0.215,-0.07
-0.215,-0.08
-0.215,-0.1
-0.22,-0.1
-0.22,-0.105
-0.205,-0.115
-0.205,-0.11
-0.2,-0.11
-0.19,-0.1
-0.19,-0.09
-0.185,-0.1
-0.175,-0.11
-0.165,-0.115
-0.165,-0.125
-0.165,-0.13
-0.16,-0.14
-0.165,-0.16
-0.16,-0.145
-0.15,-0.125
-0.155,-0.11
-0.165,-0.105
-0.16,-0.11
-0.17,-0.125
-0.165,-0.125
-0.165,-0.125
-0.165,-0.12
-0.155,-0.12
-0.135,-0.13
-0.15,-0.125
-0.135,-0.12
-0.155,-0.095
-0.14,-0.085
-0.14,-0.08
-0.115,-0.06
-0.095,-0.055
-0.085,-0.03
-0.08,-0.015
-0.07,0.005
-0.085,-0.005
-0.085,-0.015
-0.1,-0.005
-0.1,0.01
-0.095,0.02
-0.11,0.035
-0.1,0.045
-0.1,0.04
-0.1,0.05
-0.115,0.055
-0.125,0.06
-0.135,0.05
-0.135,0.025
-0.135,0.02
-0.14,0.0
-0.135,0.0
-0.13,0.01
-0.125,0.025
-0.125,0.03
-0.11,0.04
-0.11,0.05
-0.105,0.055
-0.12,0.06
-0.12,0.055
-0.13,0.035
-0.135,0.02
-0.15,0.015
-0.15,0.02
-0.14,0.03
-0.14,0.04
-0.135,0.04
-0.125,0.03
-0.135,0.025
-0.13,0.025
-0.13,0.03
-0.13,0.045
-0.14,0.035
-0.13,0.02
-0.12,0.0
-0.12,0.0
-0.115,0.02
-0.115,0.02
-0.12,0.03
-0.12,0.02
-0.115,0.01
-0.105,0.035
-0.11,0.045
-0.115,0.04
-0.115,0.045
-0.13,0.03
-0.125,0.005
-0.135,0.005
-0.14,0.015
-0.135,0.02
-0.135,0.025
-0.125,0.015
-0.1,0.025
-0.095,0.01
-0.095,0.015
-0.1,0.015
-0.115,0.02
-0.12,0.015
-0.135,0.0
-0.135,0.005
-0.145,0.02
-0.155,0.025
-0.16,0.045
-0.155,0.035
-0.155,0.025
-0.14,0.01
-0.135,0.015
-0.13,0.025
-0.135,0.02
-0.13,0.02
-0.12,0.025
-0.105,0.03
-0.095,0.045
-0.085,0.06
-0.075,0.07
-0.065,0.08
-0.06,0.06
-0.055,0.055
-0.05,0.055
-0.02,0.065
-0.02,0.085
-0.01,0.075
0.005,0.05
0.015,0.03
0.01,0.02
0.005,0.01
-0.005,0.03
-0.005,0.04
-0.025,0.04
-0.005,0.03
-0.005,0.015
-0.01,0.01
-0.02,0.005
-0.04,0.005
-0.065,-0.005
-0.09,-0.02
-0.12,-0.015
-0.145,0.005
-0.145,0.03
-0.15,0.045
-0.155,0.05
-0.17,0.025
-0.195,0.005
-0.21,0.0
-0.235,-0.005
-0.255,-0.005
-0.265,-0.015
-0.26,-0.015
-0.255,-0.025
-0.24,-0.01
-0.24,0.005
-0.255,0.02
-0.265,0.015
-0.26,-0.005
-0.26,-0.02
-0.265,-0.015
-0.26,-0.01
-0.275,-0.02
-0.285,-0.025
-0.29,-0.045
-0.31,-0.05
-0.295,-0.065
-0.265,-0.02
-0.2,0.0
-0.12,0.015
0.005,-0.005
0.165,-0.025
0.405,-0.045
0.65,-0.045
0.91,-0.005
1.15,0.075
1.335,0.185
1.44,0.325
1.44,0.465
1.295,0.575
1.045,0.665
0.735,0.675
0.395,0.59
0.1,0.45
-0.12,0.275
-0.255,0.11
-0.325,-0.015
-0.355,-0.095
-0.33,-0.125
-0.3,-0.125
-0.275,-0.09
-0.27,-0.03
-0.27,0.015
-0.27,0.035
-0.29,0.04
-0.31,0.01
-0.32,-0.02
-0.335,-0.035
-0.35,-0.035
-0.365,-0.04
-0.375,-0.03
-0.355,-0.025
-0.36,-0.035
-0.35,-0.035
-0.355,-0.03
-0.365,-0.015
-0.355,-0.005
-0.35,-0.01
-0.34,-0.025
-0.35,-0.045
-0.345,-0.06
-0.345,-0.06
-0.345,-0.045
-0.355,-0.035
-0.365,-0.04
-0.365,-0.05
-0.36,-0.04
-0.37,-0.025
-0.365,-0.025
-0.35,-0.03
-0.355,-0.035
-0.355,-0.05
-0.35,-0.065
-0.35,-0.075
-0.355,-0.07
-0.35,-0.065
-0.355,-0.06
-0.34,-0.075
-0.335,-0.07
-0.325,-0.07
-0.31,-0.07
-0.325,-0.06
-0.33,-0.07
-0.325,-0.075
-0.345,-0.08
-0.345,-0.09
-0.33,-0.085
-0.325,-0.09
-0.31,-0.085
-0.3,-0.095
-0.28,-0.11
-0.27,-0.11
-0.265,-0.1
-0.265,-0.105
-0.275,-0.11
-0.285,-0.125
-0.285,-0.15
-0.295,-0.145
-0.3,-0.14
-0.295,-0.14
-0.28,-0.15
-0.255,-0.15
-0.245,-0.155
-0.23,-0.155
-0.22,-0.14
-0.235,-0.14
-0.225,-0.155
-0.22,-0.175
-0.235,-0.185
-0.23,-0.195
-0.24,-0.195
-0.24,-0.185
-0.25,-0.185
-0.25,-0.195
-0.245,-0.185
-0.24,-0.16
-0.235,-0.15
-0.23,-0.145
-0.225,-0.155
-0.225,-0.18
-0.23,-0.185
-0.24,-0.175
-0.25,-0.175
-0.235,-0.145
-0.25,-0.145
-0.235,-0.135
-0.205,-0.115
-0.19,-0.08
-0.18,-0.07
-0.18,-0.055
-0.185,-0.045
-0.19,-0.065
-0.175,-0.065
-0.185,-0.04
-0.185,-0.035
-0.185,-0.015
-0.195,0.005
-0.18,-0.01
-0.19,0.01
-0.19,0.02
-0.195,0.01
-0.2,0.005
-0.205,-0.005
-0.21,-0.01
-0.21,-0.01
-0.2,0.005
-0.22,-0.005
-0.22,0.0
-0.235,0.01
-0.245,0.015
-0.245,0.015
-0.24,0.02
-0.245,0.025
-0.23,-0.005
-0.22,0.0
-0.225,-0.005
-0.23,-0.005
-0.24,0.0
-0.245,-0.005
-0.26,-0.015
-0.25,-0.005
-0.25,0.005
-0.245,0.025
-0.225,0.025
-0.225,0.01
-0.21,-0.005
-0.19,0.0
-0.205,-0.005
-0.215,0.01
-0.23,0.0
-0.25,-0.005
-0.24,-0.015
-0.245,-0.01
-0.245,0.0
-0.23,0.005
-0.21,0.0
-0.205,-0.01
-0.2,-0.005
-0.205,-0.015
-0.22,-0.005
-0.235,0.0
-0.23,-0.025
-0.235,-0.03
-0.24,-0.015
-0.245,0.0
-0.245,0.02
-0.24,0.025
-0.245,0.015
-0.24,-0.005
-0.255,-0.005
-0.25,-0.01
-0.255,-0.01
-0.24,-0.01
-0.24,-0.015
-0.245,-0.04
-0.235,-0.04
-0.235,-0.025
-0.23,-0.005
-0.245,0.015
-0.25,0.01
-0.235,0.005
-0.24,0.01
-0.23,0.025
-0.215,0.03
-0.21,0.03
-0.21,0.035
-0.185,0.03
-0.175,0.045
-0.175,0.055
-0.16,0.065
-0.165,0.065
-0.155,0.06
-0.15,0.055
-0.13,0.04
-0.115,0.04
-0.095,0.025
-0.07,0.005
-0.065,-0.01
-0.065,-0.025
-0.085,-0.025
-0.1,-0.01
-0.105,0.0
-0.105,0.02
-0.12,0.005
-0.13,-0.005
-0.145,-0.025
-0.145,-0.005
-0.17,-0.02
-0.205,-0.01
-0.225,-0.005
-0.25,-0.015
-0.27,0.0
-0.29,0.01
-0.295,0.02
-0.315,0.01
-0.32,0.005
-0.3,-0.02
-0.31,0.0
-0.32,0.0
-0.34,-0.015
-0.34,-0.015
-0.345,-0.04
-0.35,-0.045
-0.35,-0.055
-0.35,-0.03
-0.335,-0.005
-0.33,0.01
-0.325,0.015
-0.33,0.0
-0.34,-0.01
-0.345,-0.02
-0.355,-0.035
-0.37,-0.06
-0.37,-0.075
-0.34,-0.06
-0.27,-0.035
-0.165,-0.03
-0.005,-0.015
0.195,-0.04
0.425,-0.06
0.67,-0.065
0.92,-0.005
1.135,0.095
1.315,0.19
1.375,0.295
1.315,0.395
1.155,0.46
0.89,0.51
0.59,0.525
0.3,0.495
0.035,0.38
-0.155,0.24
-0.28,0.085
-0.33,-0.055
-0.355,-0.14
-0.345,-0.14
-0.34,-0.11
-0.32,-0.075
-0.33,-0.06
-0.335,-0.04
-0.355,-0.025
-0.38,-0.015
-0.395,-0.005
-0.415,-0.01
-0.415,-0.025
-0.415,-0.05
-0.415,-0.05
-0.415,-0.055
-0.42,-0.04
-0.43,-0.035
-0.44,-0.03
-0.445,-0.045
-0.43,-0.045
-0.425,-0.045
-0.44,-0.03
-0.455,-0.015
-0.455,-0.015
-0.455,-0.035
-0.47,-0.045
-0.46,-0.055
-0.46,-0.045
-0.46,-0.055
-0.455,-0.06
-0.44,-0.07
-0.425,-0.08
-0.415,-0.065
-0.405,-0.05
-0.415,-0.045
-0.425,-0.045
-0.445,-0.055
-0.44,-0.07
-0.44,-0.07
-0.43,-0.065
-0.415,-0.065
-0.4,-0.065
-0.385,-0.08
-0.375,-0.09
-0.375,-0.09
-0.39,-0.075
-0.4,-0.085
-0.4,-0.085
-0.395,-0.095
-0.375,-0.1
-0.355,-0.115
-0.34,-0.12
-0.32,-0.11
-0.33,-0.11
-0.325,-0.12
-0.32,-0.11
-0.32,-0.13
-0.32,-0.105
-0.315,-0.105
-0.285,-0.105
-0.26,-0.115
-0.24,-0.14
-0.235,-0.165
-0.23,-0.16
-0.24,-0.15
-0.225,-0.165
-0.205,-0.175
-0.205,-0.18
-0.185,-0.185
-0.16,-0.185
-0.135,-0.175
-0.125,-0.17
-0.135,-0.175
-0.125,-0.19
-0.15,-0.185
-0.145,-0.205
-0.15,-0.2
-0.13,-0.2
-0.105,-0.22
-0.11,-0.235
-0.105,-0.24
-0.08,-0.245
-0.07,-0.21
-0.06,-0.205
-0.045,-0.205
-0.03,-0.225
-0.02,-0.245
-0.005,-0.245
0.01,-0.225
0.02,-0.22
0.04,-0.19
0.04,-0.175
0.065,-0.17
0.07,-0.155
0.09,-0.135
0.1,-0.11
0.105,-0.095
0.1,-0.105
0.09,-0.09
0.075,-0.085
0.085,-0.075
0.075,-0.045
0.08,-0.035
0.08,-0.03
0.1,-0.035
0.12,-0.045
0.135,-0.025
0.145,-0.02
0.155,0.01
0.135,0.01
0.125,-0.02
0.12,-0.015
0.135,-0.015
0.155,-0.01
0.17,-0.01
0.17,-0.005
0.165,-0.015
0.17,-0.02
0.165,-0.005
0.165,0.015
0.165,0.02
0.18,0.015
0.19,0.0
0.19,-0.01
0.195,-0.01
0.195,-0.005
0.195,-0.005
0.18,0.0
0.195,-0.005
0.21,0.005
0.21,0.015
0.21,0.015
0.21,0.03
0.2,0.005
0.2,-0.01
0.19,-0.015
0.19,-0.025
0.19,-0.015
0.195,0.01
0.21,0.0
0.215,0.005
0.215,-0.005
0.215,0.005
0.195,-0.005
0.195,0.01
0.19,0.01
0.18,-0.005
0.18,-0.035
0.165,-0.025
0.16,-0.015
0.17,-0.01
0.185,0.015
0.19,0.0
0.185,-0.01
0.18,-0.005
0.19,0.005
0.2,0.01
0.195,0.0
0.17,0.0
0.155,-0.02
0.14,-0.03
0.13,-0.015
0.14,-0.02
0.135,-0.005
0.14,-0.02
0.15,-0.03
0.165,-0.02
0.155,-0.005
0.17,0.005
0.17,0.0
0.16,-0.01
0.165,-0.025
0.16,-0.02
0.16,0.0
0.175,0.01
0.18,0.015
0.195,0.01
0.22,0.015
0.22,0.025
0.25,0.025
0.25,0.025
0.27,-0.005
0.285,-0.03
0.29,-0.05
0.28,-0.055
0.26,-0.045
0.24,-0.05
0.24,-0.04
0.225,-0.05
0.225,-0.045
0.23,-0.025
0.23,-0.035
0.22,-0.055
0.19,-0.07
0.17,-0.095
0.13,-0.08
0.1,-0.06
0.065,-0.04
0.04,-0.04
0.015,-0.06
-0.005,-0.05
-0.015,-0.05
-0.02,-0.03
-0.025,-0.04
-0.03,-0.045
-0.03,-0.08
-0.03,-0.085
-0.035,-0.075
-0.045,-0.08
-0.06,-0.07
-0.065,-0.08
-0.08,-0.095
-0.09,-0.09
-0.09,-0.08
-0.08,-0.065
-0.085,-0.05
-0.1,-0.065
-0.115,-0.085
-0.13,-0.1
-0.15,-0.13
-0.16,-0.125
-0.165,-0.105
-0.135,-0.085
-0.065,-0.095
0.06,-0.095
0.22,-0.095
0.44,-0.095
0.68,-0.085
0.935,-0.06
1.18,-0.005
1.365,0.08
1.48,0.235
1.47,0.38
1.355,0.53
1.14,0.62
0.86,0.63
0.55,0.565
0.27,0.425
0.035,0.255
-0.11,0.095
-0.205,-0.065
-0.235,-0.165
-0.225,-0.205
-0.2,-0.2
-0.165,-0.155
-0.14,-0.1
-0.155,-0.055
-0.175,-0.05
-0.215,-0.05
-0.235,-0.055
-0.245,-0.055
-0.24,-0.045
-0.245,-0.04
-0.23,-0.05
-0.24,-0.065
-0.25,-0.095
-0.26,-0.115
-0.275,-0.11
-0.295,-0.095
-0.3,-0.08
-0.285,-0.06
-0.265,-0.075
-0.255,-0.055
-0.245,-0.065
-0.26,-0.05
-0.27,-0.05
-0.275,-0.085
-0.29,-0.1
-0.305,-0.1
-0.305,-0.085
-0.32,-0.07
-0.32,-0.055
-0.305,-0.075
-0.285,-0.08
-0.275,-0.085
-0.27,-0.095
-0.27,-0.08
-0.27,-0.08
-0.285,-0.09
-0.285,-0.11
-0.29,-0.125
-0.295,-0.12
-0.29,-0.11
-0.275,-0.09
-0.27,-0.08
-0.27,-0.08
-0.255,-0.08
-0.255,-0.1
-0.26,-0.105
-0.25,-0.1
-0.26,-0.1
-0.26,-0.12
-0.265,-0.13
-0.27,-0.15
-0.26,-0.145
-0.275,-0.125
-0.265,-0.12
-0.265,-0.12
-0.26,-0.13
-0.24,-0.145
-0.235,-0.14
-0.22,-0.15
-0.23,-0.14
-0.23,-0.165
-0.23,-0.175
-0.22,-0.195
-0.225,-0.195
-0.23,-0.19
-0.225,-0.165
-0.23,-0.155
-0.23,-0.155
-0.23,-0.175
-0.23,-0.19
-0.23,-0.18
-0.225,-0.18
-0.235,-0.2
-0.24,-0.195
-0.255,-0.205
-0.25,-0.205
-0.255,-0.185
-0.255,-0.175
-0.245,-0.17
-0.24,-0.16
-0.235,-0.175
-0.23,-0.19
-0.235,-0.195
-0.235,-0.18
-0.25,-0.17
-0.22,-0.175
-0.22,-0.18
-0.215,-0.17
-0.2,-0.165
-0.195,-0.14
-0.18,-0.105
-0.18,-0.105
-0.155,-0.09
-0.145,-0.08
-0.14,-0.065
-0.13,-0.05
-0.13,-0.05
-0.135,-0.045
-0.165,-0.035
-0.18,-0.04
-0.19,-0.035
-0.175,-0.02
-0.185,-0.005
-0.165,-0.005
-0.15,-0.02
-0.17,-0.03
-0.18,-0.015
-0.19,-0.01
-0.21,0.005
-0.22,0.01
-0.245,0.0
-0.23,-0.01
-0.235,-0.025
-0.21,-0.005
-0.2,0.005
-0.18,0.015
-0.185,0.0
-0.185,-0.005
-0.185,-0.02
-0.195,-0.03
-0.2,-0.025
-0.22,-0.015
-0.225,-0.025
-0.22,-0.02
-0.235,-0.03
-0.225,-0.01
-0.22,0.005
-0.22,0.015
-0.205,0.01
-0.21,-0.01
-0.22,-0.02
-0.215,-0.03
-0.215,-0.025
-0.215,-0.01
-0.225,-0.01
-0.23,-0.01
-0.235,-0.015
-0.235,-0.025
-0.22,-0.005
-0.215,0.005
-0.2,0.0
-0.205,-0.005
-0.205,-0.02
-0.23,-0.04
-0.25,-0.05
-0.265,-0.03
-0.26,-0.03
-0.255,-0.02
-0.235,-0.015
-0.235,-0.005
-0.235,0.01
-0.23,0.02
-0.23,0.015
-0.265,0.005
-0.26,-0.01
-0.265,-0.03
-0.27,-0.04
-0.265,-0.035
-0.27,-0.005
-0.275,-0.015
-0.275,-0.02
-0.27,-0.025
-0.255,-0.005
-0.25,-0.01
-0.25,0.0
-0.265,-0.015
-0.27,-0.01
-0.28,-0.02
-0.295,-0.02
-0.295,-0.015
-0.31,0.0
-0.295,0.01
-0.28,0.0
-0.275,0.005
-0.27,0.0
-0.255,0.03
-0.245,0.035
-0.23,0.045
-0.225,0.045
-0.235,0.04
-0.22,0.045
-0.225,0.04
-0.225,0.045
-0.22,0.04
-0.19,0.035
-0.175,0.03
-0.135,0.035
-0.125,0.035
-0.1,0.045
-0.08,0.015
-0.09,-0.005
-0.115,-0.015
-0.135,-0.025
-0.14,-0.015
-0.15,-0.01
-0.18,-0.02
-0.185,-0.04
-0.195,-0.02
-0.205,-0.015
-0.22,-0.005
-0.245,-0.005
-0.27,-0.015
-0.285,-0.025
-0.3,-0.035
-0.335,-0.025
-0.345,-0.02
-0.37,-0.02
-0.38,-0.025
-0.38,-0.04
-0.385,-0.045
-0.39,-0.03
-0.38,-0.02
-0.385,-0.02
-0.385,-0.04
-0.375,-0.04
-0.395,-0.035
-0.41,-0.045
-0.41,-0.04
-0.42,-0.025
-0.42,-0.04
-0.42,-0.04
-0.43,-0.035
-0.445,-0.04
-0.425,-0.04
-0.42,-0.06
-0.4,-0.055
-0.345,-0.05
-0.25,-0.03
-0.105,-0.03
0.08,-0.055
0.315,-0.06
0.6,-0.06
0.895,0.0
1.165,0.08
1.35,0.195
1.395,0.31
1.26,0.39
0.985,0.445
0.63,0.42
0.245,0.325
-0.07,0.175
-0.31,0.02
-0.445,-0.115
-0.48,-0.175
-0.47,-0.16
-0.435,-0.1
-0.385,-0.075
-0.365,-0.04
-0.36,-0.02
-0.385,-0.015
-0.43,-0.015
-0.465,-0.025
-0.485,-0.06
-0.495,-0.075
-0.49,-0.08
-0.5,-0.065
-0.5,-0.04
-0.49,-0.045
-0.495,-0.05
-0.5,-0.05
-0.5,-0.04
-0.5,-0.05
-0.5,-0.04
-0.5,-0.045
-0.5,-0.06
-0.495,-0.075
-0.5,-0.08
-0.495,-0.06
-0.505,-0.05
-0.495,-0.05
-0.495,-0.045
-0.485,-0.045
-0.47,-0.03
-0.465,-0.035
-0.47,-0.05
-0.48,-0.075
-0.485,-0.085
-0.485,-0.095
-0.485,-0.085
-0.49,-0.075
-0.475,-0.075
-0.46,-0.08
-0.46,-0.08
-0.425,-0.07
-0.42,-0.065
-0.42,-0.065
-0.42,-0.07
-0.435,-0.095
-0.45,-0.125
-0.475,-0.145
-0.48,-0.135
-0.465,-0.12
-0.45,-0.115
-0.43,-0.12
-0.41,-0.115
-0.395,-0.105
-0.4,-0.11
-0.39,-0.12
-0.39,-0.13
-0.405,-0.135
-0.41,-0.155
-0.405,-0.165
-0.41,-0.165
-0.405,-0.15
-0.39,-0.16
-0.37,-0.165
-0.365,-0.16
-0.36,-0.15
-0.36,-0.145
-0.365,-0.16
-0.365,-0.175
-0.37,-0.19
-0.385,-0.185
-0.385,-0.18
-0.385,-0.175
-0.375,-0.17
-0.365,-0.185
-0.36,-0.175
-0.355,-0.17
-0.35,-0.155
-0.345,-0.14
-0.345,-0.14
-0.345,-0.155
-0.35,-0.165
-0.365,-0.16
-0.375,-0.15
-0.38,-0.135
-0.375,-0.13
-0.355,-0.12
-0.335,-0.095
-0.31,-0.075
-0.295,-0.04
-0.28,-0.035
-0.275,-0.04
-0.27,-0.045
-0.265,-0.03
-0.28,-0.03
-0.29,-0.015
-0.3,-0.02
-0.32,-0.03
-0.32,-0.03
-0.33,-0.03
-0.315,-0.01
-0.305,0.005
-0.3,-0.015
-0.305,-0.03
-0.29,-0.025
-0.305,-0.025
-0.31,-0.015
-0.315,-0.02
-0.335,-0.025
-0.34,-0.02
-0.335,-0.03
-0.33,-0.01
-0.32,-0.015
-0.33,0.005
-0.35,0.0
-0.34,0.0
-0.335,0.005
-0.31,-0.02
-0.31,-0.025
-0.325,-0.015
-0.325,-0.025
-0.335,-0.025
-0.345,-0.04
-0.35,-0.03
-0.335,-0.02
-0.335,-0.015
-0.33,-0.005
-0.335,-0.02
-0.335,-0.03
-0.33,-0.03
-0.335,-0.035
-0.34,-0.015
-0.335,-0.01
-0.325,-0.03
-0.315,-0.04
-0.315,-0.025
-0.32,-0.01
-0.33,0.015
-0.335,0.005
-0.35,-0.01
-0.345,-0.03
-0.34,-0.05
-0.34,-0.05
-0.34,-0.05
-0.345,-0.035
-0.36,-0.035
-0.355,-0.03
-0.36,-0.035
-0.345,-0.01
-0.335,0.0
-0.34,-0.01
-0.345,-0.025
-0.34,-0.04
-0.355,-0.04
-0.36,-0.025
-0.36,-0.015
-0.375,-0.02
-0.38,-0.04
-0.35,-0.05
-0.35,-0.04
-0.35,-0.03
-0.355,-0.005
-0.35,0.005
-0.35,-0.01
-0.345,-0.02
-0.35,-0.025
-0.36,-0.025
-0.355,-0.02
-0.355,-0.01
-0.34,-0.005
-0.33,0.005
-0.305,0.005
-0.275,0.035
-0.26,0.05
-0.25,0.065
-0.235,0.025
-0.235,0.02
-0.23,0.005
-0.215,0.025
-0.21,0.03
-0.205,0.025
-0.19,-0.005
-0.175,-0.02
-0.175,-0.03
-0.18,-0.02
-0.19,-0.015
-0.18,-0.005
-0.185,-0.02
-0.185,-0.03
-0.205,-0.03
-0.215,-0.03
-0.225,-0.03
-0.27,-0.035
-0.29,-0.045
-0.32,-0.04
-0.34,-0.045
-0.35,-0.035
-0.365,-0.02
-0.365,-0.005
-0.37,-0.015
-0.39,-0.01
-0.4,-0.035
-0.415,-0.045
-0.42,-0.04
-0.445,-0.035
-0.46,-0.05
-0.44,-0.045
-0.445,-0.05
-0.445,-0.04
-0.445,-0.02
-0.44,-0.02
-0.435,-0.015
-0.435,-0.035
-0.44,-0.055
-0.44,-0.055
-0.455,-0.04
-0.48,-0.025
-0.485,-0.05
-0.49,-0.06
-0.5,-0.075
-0.475,-0.06
-0.425,-0.03
-0.365,-0.005
-0.27,0.0
-0.14,-0.035
0.01,-0.07
0.225,-0.08
0.475,-0.07
0.755,-0.025
1.01,0.065
1.21,0.15
1.295,0.27
1.235,0.385
1.07,0.495
0.795,0.54
0.465,0.5
0.13,0.405
-0.16,0.245
-0.365,0.075
-0.48,-0.055
-0.52,-0.135
-0.51,-0.165
-0.485,-0.16
-0.44,-0.13
-0.415,-0.09
-0.415,-0.03
-0.445,0.005
-0.48,0.0
-0.505,-0.025
-0.51,-0.045
-0.535,-0.06
-0.54,-0.065
-0.54,-0.055
-0.545,-0.045
-0.535,-0.06
-0.545,-0.06
-0.525,-0.05
-0.525,-0.045
-0.51,-0.015
-0.525,-0.015
-0.525,-0.03
-0.54,-0.04
-0.555,-0.05
-0.555,-0.055
-0.565,-0.045
-0.555,-0.065
-0.55,-0.075
-0.545,-0.065
-0.52,-0.055
-0.51,-0.045
-0.51,-0.035
-0.51,-0.035
-0.51,-0.05
-0.525,-0.06
-0.52,-0.075
-0.53,-0.06
-0.535,-0.065
-0.53,-0.085
-0.525,-0.09
-0.51,-0.08
-0.5,-0.07
-0.49,-0.055
-0.465,-0.05
-0.465,-0.065
-0.465,-0.075
-0.48,-0.085
-0.49,-0.08
-0.51,-0.1
-0.51,-0.125
-0.495,-0.12
-0.485,-0.12
-0.48,-0.11
-0.465,-0.105
-0.44,-0.11
-0.43,-0.12
-0.42,-0.11
-0.43,-0.115
-0.43,-0.115
-0.43,-0.13
-0.43,-0.14
-0.435,-0.17
-0.43,-0.155
-0.425,-0.165
-0.41,-0.145
-0.41,-0.14
-0.4,-0.14
-0.395,-0.15
-0.39,-0.15
-0.385,-0.145
-0.385,-0.155
-0.395,-0.165
-0.405,-0.18
-0.415,-0.205
-0.42,-0.19
-0.415,-0.185
-0.415,-0.15
-0.41,-0.14
-0.405,-0.14
-0.39,-0.135
-0.38,-0.135
-0.37,-0.115
-0.365,-0.105
-0.36,-0.105
-0.355,-0.135
-0.365,-0.14
-0.355,-0.145
-0.35,-0.11
-0.35,-0.105
-0.335,-0.08
-0.31,-0.055
-0.305,-0.05
-0.29,-0.045
-0.28,-0.025
-0.27,-0.02
-0.28,-0.03
-0.285,-0.02
-0.32,-0.035
-0.32,-0.025
-0.33,-0.005
-0.36,0.03
-0.36,0.025
-0.36,0.03
-0.345,0.005
-0.325,0.01
-0.32,0.015
-0.325,0.01
-0.34,0.0
-0.345,-0.02
-0.35,-0.025
-0.355,-0.01
-0.36,0.0
-0.36,0.015
-0.365,0.025
-0.37,0.015
-0.355,0.01
-0.34,-0.005
-0.34,0.01
-0.325,0.015
-0.345,0.005
-0.355,0.0
-0.355,-0.015
-0.355,0.0
-0.365,0.02
-0.355,0.015
-0.36,0.025
-0.345,0.005
-0.34,0.0
-0.345,-0.005
-0.34,0.005
-0.34,-0.005
-0.345,-0.015
-0.34,-0.025
-0.35,-0.03
-0.35,0.0
-0.355,0.01
-0.355,0.015
-0.35,-0.005
-0.355,0.0
-0.335,0.005
-0.34,0.01
-0.345,0.03
-0.35,0.025
-0.355,0.0
-0.37,-0.01
-0.365,-0.02
-0.36,-0.005
-0.36,0.005
-0.345,0.015
-0.34,0.02
-0.335,0.0
-0.325,0.015
-0.36,0.01
-0.365,0.025
-0.365,0.02
-0.365,0.005
-0.365,-0.015
-0.37,-0.01
-0.36,-0.01
-0.36,0.0
-0.37,0.015
-0.37,0.015
-0.365,0.015
-0.36,0.02
-0.355,0.03
-0.37,0.025
-0.35,0.015
-0.365,-0.005
-0.37,-0.01
-0.345,-0.005
-0.35,0.03
-0.315,0.055
-0.29,0.08
-0.285,0.085
-0.275,0.09
-0.26,0.095
-0.25,0.11
-0.25,0.095
-0.245,0.07
-0.235,0.045
-0.22,0.025
-0.205,0.01
-0.195,0.025
-0.18,0.01
-0.185,0.03
-0.18,0.02
-0.175,0.03
-0.185,0.03
-0.19,0.025
-0.21,0.025
-0.235,0.01
-0.255,-0.03
-0.285,-0.05
-0.305,-0.045
-0.335,-0.01
-0.335,-0.01
-0.35,0.0
-0.355,0.005
-0.365,0.015
-0.36,0.035
-0.365,0.035
-0.38,0.02
-0.395,0.005
-0.425,-0.01
-0.44,-0.015
-0.45,0.0
-0.46,-0.01
-0.455,-0.005
-0.45,-0.005
-0.43,-0.01
-0.415,0.015
-0.4,0.02
-0.405,0.02
-0.405,0.01
-0.425,-0.01
-0.43,-0.03
-0.45,-0.035
-0.465,-0.035
-0.47,-0.035
-0.465,-0.03
-0.44,-0.03
-0.38,-0.02
-0.3,-0.01
-0.165,-0.005
0.02,-0.03
0.245,-0.045
0.49,-0.055
0.735,-0.005
0.96,0.1
1.135,0.255
1.2,0.415
1.14,0.575
0.965,0.685
0.705,0.735
0.395,0.72
0.095,0.63
-0.17,0.465
-0.365,0.26
-0.485,0.07
-0.53,-0.08
-0.535,-0.155
-0.495,-0.14
-0.46,-0.1
-0.43,-0.045
-0.425,-0.015
-0.425,0.005
-0.43,0.03
-0.45,0.02
-0.475,0.005
-0.485,-0.01
-0.505,-0.025
-0.51,-0.035
-0.515,-0.05
-0.515,-0.03
-0.515,-0.01
-0.51,-0.01
-0.505,-0.025
-0.495,-0.015
-0.495,-0.01
-0.485,-0.005
-0.495,-0.015
-0.495,-0.01
-0.49,-0.015
-0.48,-0.035
-0.48,-0.045
-0.48,-0.03
-0.48,-0.025
-0.48,-0.01
-0.5,-0.03
-0.49,-0.04
-0.47,-0.025
-0.465,-0.025
-0.465,-0.025
-0.485,-0.02
-0.5,-0.035
-0.495,-0.065
-0.495,-0.065
-0.48,-0.065
-0.485,-0.06
-0.465,-0.045
-0.445,-0.055
-0.445,-0.065
-0.44,-0.045
-0.43,-0.035
-0.44,-0.02
-0.44,-0.025
-0.435,-0.045
-0.435,-0.075
-0.435,-0.09
-0.435,-0.1
-0.42,-0.075
-0.415,-0.065
-0.415,-0.055
-0.395,-0.06
-0.39,-0.07
-0.38,-0.09
-0.385,-0.09
-0.39,-0.11
-0.395,-0.12
-0.4,-0.13
-0.4,-0.155
-0.4,-0.15
-0.38,-0.12
-0.4,-0.1
-0.39,-0.115
-0.38,-0.135
-0.36,-0.135
-0.33,-0.135
-0.33,-0.12
-0.325,-0.11
-0.315,-0.125
-0.33,-0.14
-0.355,-0.155
-0.36,-0.15
-0.38,-0.145
-0.365,-0.13
-0.36,-0.13
-0.335,-0.125
-0.325,-0.12
-0.3,-0.13
-0.295,-0.115
-0.29,-0.125
-0.285,-0.13
-0.285,-0.14
-0.29,-0.135
-0.275,-0.115
-0.27,-0.105
-0.27,-0.085
-0.255,-0.09
-0.24,-0.085
-0.245,-0.06
-0.22,-0.035
-0.215,-0.025
-0.215,-0.02
-0.215,-0.02
-0.215,-0.04
-0.225,-0.03
-0.23,-0.025
-0.23,0.005
-0.23,0.025
-0.235,0.02
-0.235,0.02
-0.25,0.035
-0.26,0.045
-0.26,0.05
-0.26,0.065
-0.26,0.035
-0.26,0.025
-0.26,0.01
-0.27,0.035
-0.27,0.045
-0.27,0.05
-0.27,0.05
-0.275,0.04
-0.26,0.035
-0.25,0.035
-0.24,0.05
-0.245,0.05
-0.23,0.025
-0.235,0.015
-0.24,0.005
-0.24,0.005
-0.25,0.04
-0.255,0.05
-0.255,0.05
-0.255,0.05
-0.255,0.055
-0.25,0.05
-0.255,0.055
-0.27,0.055
-0.26,0.045
-0.26,0.02
-0.26,-0.005
-0.26,-0.01
-0.26,0.015
-0.26,0.035
-0.255,0.04
-0.24,0.055
-0.245,0.05
-0.235,0.025
-0.24,0.02
-0.25,0.025
-0.24,0.03
-0.255,0.01
-0.27,-0.005
-0.27,-0.01
-0.265,-0.005
-0.26,0.02
-0.255,0.045
-0.24,0.045
-0.225,0.06
-0.225,0.025
-0.24,0.01
-0.25,0.015
-0.255,0.025
-0.255,0.03
-0.26,0.03
-0.275,0.03
-0.285,0.0
-0.295,0.0
-0.28,-0.005
-0.275,0.01
-0.25,0.025
-0.23,0.025
-0.24,0.02
-0.24,0.02
-0.25,0.02
-0.255,0.025
-0.27,0.03
-0.27,0.025
-0.265,0.01
-0.28,0.015
-0.265,0.035
-0.26,0.05
-0.235,0.065
-0.215,0.07
-0.19,0.07
-0.2,0.07
-0.19,0.08
-0.2,0.08
-0.205,0.08
-0.195,0.06
-0.19,0.045
-0.185,0.05
-0.16,0.06
-0.145,0.09
-0.11,0.095
-0.08,0.095
-0.05,0.095
-0.03,0.055
-0.03,0.045
-0.05,0.035
-0.075,0.03
-0.095,0.04
-0.11,0.04
-0.125,0.02
-0.125,0.02
-0.125,0.03
-0.135,0.045
-0.15,0.045
-0.175,0.03
-0.2,0.015
-0.215,0.005
-0.235,0.005
-0.24,0.01
-0.265,0.02
-0.275,0.025
-0.295,0.01
-0.33,-0.005
-0.335,0.01
-0.33,0.025
-0.315,0.035
-0.32,0.025
-0.32,0.01
-0.32,-0.005
-0.33,-0.01
-0.345,0.0
-0.36,0.02
-0.365,0.03
-0.355,0.02
-0.36,0.01
-0.35,0.015
-0.355,0.01
-0.335,0.04
-0.33,0.025
-0.325,0.03
-0.35,-0.015
-0.38,-0.05
-0.405,-0.065
-0.39,-0.045
-0.36,-0.035
-0.305,-0.02
-0.185,-0.025
-0.01,-0.03
0.18,-0.025
0.4,-0.02
0.63,0.005
0.865,0.06
1.08,0.13
1.22,0.25
1.265,0.395
1.19,0.535
1.0,0.64
0.735,0.7
0.435,0.66
0.14,0.55
-0.1,0.395
-0.295,0.22
-0.4,0.05
-0.455,-0.045
-0.46,-0.12
-0.42,-0.14
-0.39,-0.11
-0.355,-0.07
-0.35,-0.01
-0.35,0.03
-0.365,0.035
-0.39,0.025
-0.4,-0.005
-0.42,-0.015
-0.425,-0.015
-0.44,0.0
-0.455,0.005
-0.455,0.0
-0.455,-0.005
-0.47,-0.025
-0.47,-0.04
-0.45,-0.015
-0.445,-0.015
-0.44,-0.005
-0.435,-0.01
-0.445,-0.015
-0.445,-0.02
-0.455,-0.01
-0.46,-0.01
-0.465,-0.015
-0.465,-0.03
-0.455,-0.025
-0.46,-0.065
-0.475,-0.035
-0.455,-0.01
-0.46,0.0
-0.455,0.0
-0.455,-0.025
-0.45,-0.02
-0.445,-0.03
-0.43,-0.04
-0.435,-0.015
-0.435,-0.035
-0.445,-0.045
-0.445,-0.065
-0.445,-0.06
-0.445,-0.05
-0.435,-0.035
-0.425,-0.02
-0.415,-0.035
-0.42,-0.05
-0.41,-0.04
-0.415,-0.055
-0.41,-0.045
-0.42,-0.055
-0.415,-0.06
-0.41,-0.075
-0.395,-0.075
-0.385,-0.06
-0.385,-0.045
-0.36,-0.04
-0.345,-0.055
-0.35,-0.07
-0.35,-0.09
-0.365,-0.095
-0.36,-0.1
-0.365,-0.09
-0.37,-0.095
-0.37,-0.095
-0.355,-0.125
-0.37,-0.14
-0.38,-0.115
-0.375,-0.105
-0.36,-0.09
-0.34,-0.1
-0.33,-0.115
-0.33,-0.12
-0.34,-0.135
-0.325,-0.135
-0.34,-0.135
-0.355,-0.145
-0.35,-0.145
-0.35,-0.14
-0.35,-0.12
-0.325,-0.1
-0.315,-0.09
-0.305,-0.085
-0.295,-0.1
-0.305,-0.13
-0.32,-0.145
-0.33,-0.14
-0.335,-0.12
-0.35,-0.115
-0.34,-0.115
-0.33,-0.11
-0.32,-0.105
-0.3,-0.085
-0.28,-0.05
-0.27,-0.03
-0.255,-0.02
-0.245,-0.025
-0.245,-0.04
-0.25,-0.045
-0.245,-0.02
-0.255,-0.01
-0.255,0.0
-0.26,0.015
-0.26,0.01
-0.28,0.025
-0.28,0.04
-0.295,0.06
-0.29,0.065
-0.285,0.065
-0.285,0.045
-0.3,0.025
-0.29,0.025
-0.3,0.025
-0.305,0.03
-0.305,0.025
-0.3,0.015
-0.3,0.03
-0.295,0.035
-0.31,0.07
-0.31,0.07
-0.305,0.065
-0.315,0.04
-0.32,0.03
-0.33,0.03
-0.32,0.025
-0.32,0.035
-0.305,0.045
-0.305,0.045
-0.315,0.035
-0.295,0.045
-0.305,0.055
-0.315,0.06
-0.32,0.05
-0.335,0.03
-0.345,0.015
-0.355,0.01
-0.355,0.015
-0.34,0.04
-0.345,0.05
-0.335,0.06
-0.32,0.065
-0.3,0.05
-0.31,0.025
-0.31,0.03
-0.315,0.035
-0.31,0.03
-0.33,0.02
-0.335,0.015
-0.34,0.015
-0.35,0.03
-0.34,0.045
-0.325,0.055
-0.34,0.05
-0.325,0.02
-0.325,0.02
-0.325,0.025
-0.325,0.015
-0.34,0.015
-0.335,0.02
-0.35,0.01
-0.365,0.03
-0.355,0.05
-0.35,0.045
-0.35,0.045
-0.355,0.035
-0.33,0.045
-0.335,0.04
-0.34,0.045
-0.34,0.03
-0.35,0.025
-0.345,0.015
-0.365,0.035
-0.365,0.04
-0.365,0.055
-0.37,0.055
-0.365,0.045
-0.36,0.025
-0.345,0.025
-0.33,0.04
-0.31,0.075
-0.3,0.085
-0.305,0.085
-0.29,0.075
-0.295,0.09
-0.305,0.095
-0.29,0.095
-0.29,0.115
-0.265,0.1
-0.25,0.09
-0.23,0.09
-0.215,0.095
-0.185,0.1
-0.145,0.075
-0.135,0.045
-0.145,0.015
-0.165,0.025
-0.205,0.045
-0.22,0.065
-0.245,0.07
-0.23,0.07
-0.225,0.065
-0.24,0.065
-0.27,0.055
-0.305,0.055
-0.335,0.035
-0.355,0.03
-0.375,0.015
-0.385,0.025
-0.4,0.035
-0.42,0.04
-0.43,0.03
-0.43,0.025
-0.42,0.025
-0.43,0.03
-0.44,0.045
-0.445,0.06
-0.445,0.04
-0.465,0.035
-0.475,0.015
-0.475,0.005
-0.47,0.03
-0.475,0.04
-0.465,0.03
-0.465,0.02
-0.445,0.03
-0.45,0.05
-0.455,0.055
-0.47,0.045
-0.49,0.03
-0.49,-0.005
-0.47,-0.025
-0.44,-0.005
-0.35,0.01
-0.215,0.005
-0.04,0.0
0.185,0.0
0.445,0.005
0.715,0.065
0.945,0.155
1.125,0.255
1.19,0.355
1.115,0.465
0.92,0.55
0.655,0.58
0.345,0.56
0.035,0.495
-0.23,0.355
-0.4,0.185
-0.5,0.06
-0.545,-0.035
-0.535,-0.07
-0.505,-0.06
-0.475,-0.045
-0.475,-0.01
-0.475,0.01
-0.495,0.04
-0.54,0.035
-0.56,0.045
-0.57,0.025
-0.59,0.005
-0.565,0.015
-0.56,0.03
-0.56,0.04
-0.57,0.05
-0.56,0.035
-0.58,0.025
-0.605,0.01
-0.6,0.02
-0.61,0.035
-0.6,0.03
-0.585,0.03
-0.585,0.025
-0.59,0.02
-0.585,0.035
-0.58,0.035
-0.58,0.025
-0.59,0.025
-0.585,0.015
-0.585,-0.005
-0.59,0.005
-0.585,0.03
-0.585,0.03
-0.585,0.04
-0.575,0.03
-0.575,0.03
-0.575,0.04
-0.58,0.035
-0.57,0.02
-0.55,0.01
-0.56,-0.015
-0.55,-0.025
-0.545,-0.01
-0.55,-0.01
-0.555,-0.01
-0.555,-0.01
-0.55,-0.03
-0.555,-0.02
-0.555,-0.005
-0.54,0.0
-0.515,-0.01
-0.495,-0.035
-0.5,-0.015
-0.485,-0.01
-0.505,-0.03
-0.515,-0.025
-0.52,-0.04
-0.53,-0.04
-0.515,-0.06
-0.51,-0.045
-0.5,-0.035
-0.485,-0.025
-0.49,-0.045
-0.5,-0.06
-0.485,-0.075
-0.485,-0.075
-0.48,-0.065
-0.475,-0.085
-0.47,-0.09
-0.47,-0.095
-0.47,-0.07
-0.475,-0.05
-0.475,-0.04
-0.47,-0.05
-0.485,-0.05
-0.465,-0.07
-0.475,-0.065
-0.465,-0.055
-0.46,-0.05
-0.47,-0.045
-0.47,-0.06
-0.47,-0.06
-0.475,-0.055
-0.485,-0.035
-0.465,-0.04
-0.455,-0.025
-0.435,-0.04
-0.415,-0.03
-0.4,-0.015
-0.405,-0.015
-0.405,0.005
-0.43,0.015
-0.435,0.03
-0.445,0.045
-0.435,0.06
-0.425,0.095
-0.395,0.105
-0.39,0.12
-0.395,0.1
-0.405,0.095
-0.43,0.075
-0.43,0.08
-0.445,0.085
-0.46,0.095
-0.465,0.095
-0.48,0.1
-0.48,0.085
-0.46,0.1
-0.45,0.11
-0.45,0.115
-0.45,0.115
-0.445,0.105
-0.45,0.08
-0.45,0.08
-0.465,0.08
-0.47,0.09
-0.47,0.115
-0.48,0.115
-0.475,0.105
-0.48,0.105
-0.47,0.12
-0.465,0.14
-0.48,0.14
-0.47,0.135
-0.465,0.1
-0.475,0.07
-0.48,0.065
-0.485,0.07
-0.49,0.085
-0.48,0.105
-0.47,0.105
-0.465,0.105
-0.46,0.095
-0.465,0.105
-0.475,0.12
-0.485,0.11
-0.49,0.105
-0.495,0.075
-0.485,0.075
-0.485,0.08
-0.475,0.105
-0.475,0.125
-0.475,0.12
-0.48,0.115
-0.475,0.105
-0.475,0.1
-0.48,0.115
-0.495,0.13
-0.49,0.12
-0.505,0.105
-0.495,0.09
-0.505,0.08
-0.495,0.09
-0.5,0.12
-0.5,0.12
-0.485,0.125
-0.485,0.105
-0.48,0.11
-0.49,0.125
-0.495,0.13
-0.525,0.13
-0.525,0.12
-0.535,0.095
-0.545,0.08
-0.53,0.09
-0.51,0.115
-0.505,0.13
-0.48,0.145
-0.49,0.14
-0.5,0.135
-0.52,0.135
-0.53,0.135
-0.545,0.145
-0.55,0.14
-0.55,0.135
-0.54,0.125
-0.52,0.13
-0.495,0.14
-0.485,0.17
-0.465,0.19
-0.45,0.195
-0.44,0.19
-0.42,0.18
-0.42,0.18
-0.42,0.195
-0.41,0.185
-0.405,0.175
-0.4,0.16
-0.385,0.155
-0.375,0.175
-0.375,0.165
-0.37,0.16
-0.36,0.145
-0.36,0.13
-0.37,0.115
-0.355,0.12
-0.375,0.12
-0.395,0.13
-0.42,0.11
-0.445,0.095
-0.475,0.085
-0.49,0.095
-0.515,0.12
-0.525,0.135
-0.54,0.12
-0.56,0.13
-0.59,0.125
-0.595,0.12
-0.6,0.12
-0.615,0.11
-0.615,0.1
-0.63,0.095
-0.625,0.085
-0.645,0.115
-0.64,0.13
-0.65,0.145
-0.655,0.125
-0.64,0.12
-0.64,0.12
-0.635,0.11
-0.645,0.12
-0.64,0.115
-0.665,0.11
-0.685,0.1
-0.695,0.095
-0.705,0.115
-0.71,0.125
-0.68,0.13
-0.66,0.14
-0.595,0.135
-0.505,0.135
-0.39,0.115
-0.22,0.105
-0.04,0.085
0.205,0.075
0.455,0.11
0.71,0.19
0.9,0.315
1.0,0.445
0.935,0.555
0.76,0.64
0.485,0.67
0.155,0.645
-0.15,0.56
-0.41,0.41
-0.605,0.255
-0.72,0.105
-0.75,0.02
-0.745,-0.005
-0.7,0.03
-0.66,0.085
-0.645,0.14
-0.64,0.155
-0.655,0.155
-0.68,0.165
-0.71,0.15
-0.74,0.13
-0.76,0.11
-0.77,0.095
-0.785,0.105
-0.775,0.125
-0.78,0.14
-0.75,0.15
-0.755,0.145
-0.735,0.12
-0.725,0.115
-0.735,0.115
-0.74,0.135
-0.76,0.13
-0.775,0.12
-0.79,0.11
-0.815,0.11
-0.81,0.12
-0.795,0.125
-0.77,0.13
-0.75,0.125
-0.73,0.125
-0.73,0.115
-0.74,0.125
-0.75,0.135
-0.75,0.125
-0.75,0.105
-0.755,0.09
-0.755,0.095
-0.75,0.1
-0.76,0.11
-0.745,0.1
-0.735,0.095
-0.72,0.105
-0.71,0.1
-0.71,0.11
-0.71,0.11
-0.72,0.1
-0.73,0.065
-0.735,0.045
-0.74,0.06
-0.735,0.06
-0.725,0.075
-0.71,0.08
-0.705,0.065
-0.685,0.07
-0.69,0.065
-0.68,0.065
-0.665,0.065
-0.675,0.03
-0.675,0.015
-0.69,0.015
-0.69,0.02
-0.695,0.035
-0.7,0.035
-0.7,0.02
-0.68,0.025
-0.67,0.005
-0.655,0.035
-0.645,0.025
-0.65,0.0
-0.655,-0.005
-0.665,0.0
-0.675,0.01
-0.68,0.02
-0.685,0.025
-0.685,0.015
-0.7,0.025
-0.695,0.035
-0.685,0.04
-0.665,0.065
-0.655,0.06
-0.655,0.04
-0.665,0.045
-0.655,0.04
-0.655,0.045
-0.64,0.075
-0.65,0.08
-0.655,0.09
-0.635,0.105
-0.625,0.115
-0.605,0.135
-0.585,0.14
-0.585,0.135
-0.585,0.135
-0.6,0.14
-0.605,0.16
-0.625,0.165
-0.64,0.155
-0.645,0.16
-0.67,0.18
-0.66,0.185
-0.655,0.2
-0.635,0.195
-0.63,0.18
-0.645,0.165
-0.645,0.165
-0.65,0.165
-0.655,0.17
-0.66,0.165
-0.66,0.17
-0.675,0.16
-0.675,0.16
-0.665,0.17
-0.675,0.175
-0.675,0.165
-0.67,0.165
-0.67,0.155
-0.68,0.16
-0.685,0.17
-0.68,0.175
-0.685,0.165
-0.68,0.14
-0.685,0.13
-0.69,0.135
-0.685,0.125
-0.685,0.15
-0.675,0.16
-0.665,0.145
-0.665,0.14
-0.665,0.125
-0.69,0.155
-0.695,0.14
-0.7,0.155
-0.71,0.14
-0.71,0.13
-0.69,0.14
-0.685,0.165
-0.675,0.17
-0.68,0.185
-0.675,0.165
-0.68,0.16
-0.69,0.145
-0.69,0.15
-0.695,0.16
-0.7,0.17
-0.705,0.16
-0.685,0.14
-0.695,0.14
-0.69,0.15
-0.685,0.175
-0.69,0.17
-0.685,0.17
-0.7,0.17
-0.71,0.15
-0.72,0.16
-0.735,0.155
-0.735,0.15
-0.745,0.155
-0.735,0.14
-0.74,0.15
-0.725,0.155
-0.715,0.185
-0.71,0.19
-0.7,0.185
-0.71,0.165
-0.72,0.145
-0.72,0.14
-0.72,0.155
-0.725,0.16
-0.73,0.16
-0.71,0.165
-0.705,0.18
-0.695,0.2
-0.68,0.22
-0.66,0.23
-0.645,0.225
-0.65,0.21
-0.635,0.195
-0.625,0.195
-0.625,0.205
-0.62,0.2
-0.595,0.19
-0.585,0.18
-0.575,0.175
-0.57,0.185
-0.58,0.185
-0.585,0.2
-0.59,0.19
-0.59,0.165
-0.59,0.15
-0.615,0.13
-0.63,0.11
-0.66,0.115
-0.685,0.11
-0.7,0.105
-0.71,0.115
-0.725,0.135
-0.735,0.165
-0.76,0.185
-0.775,0.175
-0.8,0.17
-0.81,0.155
-0.82,0.13
-0.825,0.13
-0.85,0.135
-0.845,0.13
-0.835,0.13
-0.84,0.125
-0.83,0.13
-0.83,0.155
-0.835,0.165
-0.835,0.16
-0.835,0.14
-0.84,0.13
-0.855,0.135
-0.87,0.14
-0.88,0.155
-0.895,0.145
-0.895,0.12
-0.9,0.1
-0.89,0.095
-0.875,0.115
-0.835,0.14
-0.77,0.155
-0.66,0.155
-0.515,0.125
-0.32,0.11
-0.09,0.095
0.145,0.115
0.385,0.165
0.59,0.275
0.705,0.415
0.695,0.555
0.555,0.705
0.31,0.77
-0.015,0.755
-0.335,0.645
-0.615,0.465
-0.81,0.285
-0.93,0.145
-0.975,0.03
-0.97,-0.015
-0.925,0.0
-0.87,0.055
-0.85,0.12
-0.845,0.17
-0.86,0.17
-0.885,0.16
-0.915,0.135
-0.945,0.13
-0.965,0.13
-0.965,0.13
-0.995,0.115
-0.985,0.11
-1.0,0.095
-0.98,0.105
-0.98,0.125
-0.965,0.12
-0.95,0.115
-0.935,0.135
-0.93,0.135
-0.93,0.14
-0.94,0.14
-0.955,0.135
-0.965,0.115
-0.97,0.11
-0.975,0.1
-0.96,0.125
-0.95,0.145
-0.945,0.155
-0.935,0.155
-0.93,0.13
-0.93,0.11
-0.945,0.11
-0.94,0.1
-0.935,0.105
-0.945,0.095
-0.95,0.085
-0.935,0.085
-0.93,0.1
-0.92,0.115
-0.91,0.12
-0.905,0.115
-0.905,0.1
-0.915,0.09
-0.915,0.1
-0.915,0.105
-0.925,0.08
-0.935,0.08
-0.93,0.06
-0.915,0.065
-0.905,0.065
-0.895,0.08
-0.9,0.075
-0.875,0.065
-0.875,0.05
-0.875,0.06
-0.865,0.065
-0.865,0.06
-0.865,0.045
-0.87,0.035
-0.87,0.025
-0.875,0.035
-0.87,0.05
-0.87,0.035
-0.855,0.05
-0.85,0.035
-0.835,0.035
-0.835,0.045
-0.815,0.04
-0.815,0.05
-0.815,0.02
-0.815,0.005
-0.83,-0.005
-0.83,0.01
-0.86,0.03
-0.87,0.045
-0.87,0.04
-0.85,0.04
-0.85,0.045
-0.84,0.065
-0.83,0.065
-0.815,0.065
-0.81,0.055
-0.805,0.05
-0.8,0.07
-0.785,0.105
-0.775,0.105
-0.77,0.125
-0.77,0.125
-0.77,0.14
-0.765,0.155
-0.76,0.165
-0.765,0.175
-0.76,0.155
-0.76,0.155
-0.77,0.15
-0.78,0.175
-0.78,0.19
-0.8,0.195
-0.79,0.195
-0.79,0.2
-0.79,0.18
-0.78,0.195
-0.79,0.205
-0.8,0.205
-0.795,0.195
-0.81,0.18
-0.81,0.175
-0.815,0.175
-0.81,0.185
-0.815,0.195
-0.815,0.205
-0.805,0.205
-0.805,0.195
-0.8,0.18
-0.805,0.195
-0.8,0.185
-0.805,0.17
-0.815,0.16
-0.83,0.145
-0.825,0.155
-0.83,0.165
-0.82,0.185
-0.815,0.195
-0.805,0.2
-0.81,0.2
-0.805,0.205
-0.81,0.21
-0.8,0.19
-0.8,0.17
-0.81,0.155
-0.82,0.145
-0.84,0.165
-0.85,0.175
-0.83,0.185
-0.83,0.19
-0.81,0.205
-0.8,0.19
-0.795,0.19
-0.8,0.2
-0.81,0.19
-0.835,0.185
-0.83,0.165
-0.835,0.155
-0.84,0.15
-0.845,0.165
-0.825,0.18
-0.825,0.18
-0.83,0.175
-0.82,0.185
-0.81,0.17
-0.805,0.18
-0.795,0.185
-0.805,0.17
-0.815,0.155
-0.84,0.145
-0.855,0.135
-0.86,0.145
-0.86,0.165
-0.85,0.185
-0.835,0.185
-0.82,0.185
-0.82,0.165
-0.82,0.18
-0.82,0.19
-0.825,0.175
-0.84,0.17
-0.83,0.155
-0.84,0.155
-0.815,0.185
-0.8,0.205
-0.78,0.23
-0.765,0.235
-0.745,0.225
-0.745,0.22
-0.75,0.225
-0.725,0.215
-0.725,0.215
-0.705,0.2
-0.71,0.185
-0.695,0.17
-0.67,0.175
-0.65,0.185
-0.64,0.195
-0.64,0.19
-0.64,0.185
-0.65,0.17
-0.66,0.165
-0.66,0.17
-0.665,0.175
-0.69,0.165
-0.7,0.15
-0.725,0.13
-0.745,0.1
-0.77,0.11
-0.78,0.12
-0.805,0.14
-0.81,0.165
-0.815,0.15
-0.835,0.15
-0.85,0.145
-0.865,0.155
-0.88,0.15
-0.895,0.14
-0.905,0.115
-0.915,0.095
-0.925,0.11
-0.915,0.125
-0.9,0.14
-0.9,0.155
-0.895,0.13
-0.895,0.125
-0.905,0.125
-0.91,0.14
-0.92,0.145
-0.925,0.15
-0.935,0.13
-0.935,0.13
-0.935,0.105
-0.935,0.12
-0.935,0.125
-0.95,0.125
-0.95,0.115
-0.94,0.105
-0.88,0.1
-0.805,0.11
-0.715,0.115
-0.585,0.1
-0.425,0.085
-0.205,0.065
0.035,0.075
0.275,0.125
0.495,0.235
0.675,0.365
0.735,0.485
0.68,0.585
0.5,0.67
0.245,0.69
-0.065,0.65
-0.365,0.57
-0.63,0.44
-0.82,0.285
-0.92,0.13
-0.975,0.03
-0.97,-0.01
-0.93,0.0
-0.9,0.035
-0.885,0.085
-0.87,0.12
-0.88,0.125
-0.905,0.125
-0.945,0.12
-0.96,0.12
-0.975,0.115
-0.99,0.115
-0.985,0.11
-0.985,0.095
-0.975,0.1
-0.98,0.12
-0.985,0.13
-0.98,0.115
-0.965,0.1
-0.965,0.085
-0.97,0.085
-0.975,0.085
-0.975,0.095
-0.98,0.1
-0.985,0.09
-0.98,0.09
-0.975,0.105
-0.96,0.105
-0.96,0.11
-0.96,0.1
-0.955,0.09
-0.955,0.065
-0.96,0.055
-0.955,0.08
-0.96,0.085
-0.96,0.08
-0.945,0.09
-0.93,0.085
-0.93,0.09
-0.925,0.095
-0.93,0.085
-0.935,0.07
-0.95,0.035
-0.94,0.035
-0.94,0.03
-0.93,0.05
-0.92,0.045
-0.91,0.035
-0.89,0.03
-0.89,0.04
-0.89,0.04
-0.89,0.045
-0.89,0.035
-0.9,0.02
-0.89,0.0
-0.885,0.01
-0.88,0.005
-0.875,0.0
-0.865,-0.01
-0.865,-0.015
-0.86,-0.005
-0.85,-0.005
-0.835,0.0
-0.825,0.0
-0.82,-0.005
-0.825,-0.03
-0.83,-0.045
-0.84,-0.04
-0.84,-0.035
-0.835,-0.025
-0.84,-0.035
-0.82,-0.035
-0.805,-0.005
-0.79,0.0
-0.775,0.02
-0.775,0.015
-0.79,-0.01
-0.805,-0.03
-0.805,-0.03
-0.81,-0.025
-0.81,-0.015
-0.805,-0.02
-0.79,-0.025
-0.77,-0.025
-0.735,0.005
-0.73,0.025
-0.715,0.035
-0.705,0.035
-0.705,0.025
-0.705,0.04
-0.7,0.055
-0.695,0.065
-0.71,0.075
-0.705,0.065
-0.71,0.08
-0.71,0.095
-0.705,0.125
-0.71,0.13
-0.7,0.14
-0.695,0.13
-0.705,0.12
-0.7,0.13
-0.71,0.115
-0.715,0.115
-0.735,0.1
-0.74,0.09
-0.74,0.085
-0.73,0.1
-0.73,0.125
-0.71,0.13
-0.71,0.14
-0.71,0.12
-0.71,0.13
-0.705,0.13
-0.72,0.115
-0.74,0.1
-0.74,0.08
-0.765,0.07
-0.755,0.075
-0.74,0.09
-0.73,0.11
-0.72,0.12
-0.7,0.11
-0.685,0.09
-0.695,0.1
-0.695,0.105
-0.705,0.1
-0.715,0.105
-0.725,0.08
-0.72,0.075
-0.73,0.075
-0.72,0.085
-0.705,0.1
-0.7,0.105
-0.705,0.105
-0.69,0.075
-0.705,0.08
-0.695,0.095
-0.695,0.105
-0.7,0.1
-0.715,0.085
-0.715,0.065
-0.71,0.07
-0.72,0.075
-0.715,0.115
-0.715,0.11
-0.715,0.105
-0.72,0.105
-0.72,0.09
-0.71,0.105
-0.71,0.095
-0.7,0.09
-0.705,0.065
-0.71,0.065
-0.715,0.06
-0.72,0.085
-0.7,0.11
-0.695,0.105
-0.705,0.115
-0.705,0.1
-0.7,0.08
-0.715,0.08
-0.735,0.085
-0.72,0.07
-0.715,0.075
-0.725,0.065
-0.715,0.075
-0.715,0.09
-0.705,0.115
-0.685,0.125
-0.66,0.13
-0.64,0.125
-0.635,0.14
-0.615,0.16
-0.605,0.155
-0.61,0.14
-0.59,0.125
-0.585,0.11
-0.56,0.11
-0.545,0.12
-0.52,0.125
-0.51,0.11
-0.49,0.11
-0.495,0.08
-0.51,0.075
-0.515,0.09
-0.535,0.085
-0.56,0.065
-0.585,0.05
-0.605,0.045
-0.63,0.045
-0.645,0.055
-0.65,0.045
-0.66,0.055
-0.665,0.05
-0.67,0.065
-0.695,0.085
-0.715,0.09
-0.73,0.095
-0.735,0.075
-0.75,0.05
-0.77,0.04
-0.77,0.04
-0.775,0.05
-0.775,0.05
-0.765,0.055
-0.76,0.05
-0.755,0.04
-0.745,0.04
-0.76,0.04
-0.775,0.06
-0.78,0.04
-0.78,0.03
-0.79,0.035
-0.795,0.025
-0.8,0.045
-0.795,0.06
-0.795,0.055
-0.79,0.045
-0.795,0.03
-0.76,0.015
-0.73,0.04
-0.66,0.05
-0.575,0.05
-0.475,0.02
-0.33,-0.005
-0.165,-0.045
0.05,-0.045
0.31,0.01
0.55,0.105
0.755,0.225
0.86,0.34
0.855,0.445
0.73,0.545
0.5,0.61
0.23,0.62
-0.025,0.575
-0.3,0.47
-0.51,0.33
-0.655,0.165
-0.735,0.035
-0.78,-0.035
-0.765,-0.06
-0.745,-0.05
-0.725,-0.03
-0.7,0.0
-0.715,0.025
-0.725,0.03
-0.755,0.035
-0.79,0.03
-0.785,0.01
-0.79,0.015
-0.775,0.025
-0.76,0.035
-0.76,0.055
-0.775,0.045
