MLII,V1
0.10912838,0.283428669
0.101289467,0.283697684
0.088257819,0.289021351
0.077610844,0.282564988
0.06694519,0.270105341
0.058794962,0.240541995
0.058159879,0.239437617
0.065058621,0.244152461
0.071976041,0.254615733
0.071428127,0.265121482
0.070855307,0.281375658
0.075244849,0.274890978
0.074547504,0.262657869
0.076297094,0.267386872
0.078003101,0.271974288
0.07216283,0.276476751
0.061329066,0.263932152
0.045508035,0.245794869
0.042164511,0.233448491
0.043820707,0.221073795
0.04797365,0.23712975
0.05462334,0.253143229
0.06625407,0.257829756
0.095337123,0.251175171
0.134413389,0.244577221
0.19095443,0.249249589
0.267481897,0.225477148
0.368958153,0.218709294
0.482949274,0.223310868
0.601965021,0.216684601
0.708490807,0.278204112
0.807557484,0.396570765
0.869197866,0.549045704
0.873444203,0.729937135
0.805340921,0.893795662
0.689811903,0.98950841
0.539359563,1
0.373932968,0.925213796
0.225964921,0.793622926
0.117951049,0.594013706
0.054903523,0.394404485
0.026810453,0.234581186
0.021188103,0.120221442
0.030564912,0.091026222
0.049972293,0.124313304
0.061914339,0.191623719
0.071365864,0.24762134
0.06835856,0.280837628
0.06534503,0.285609107
0.052356966,0.267670046
0.044318812,0.255394461
0.036261978,0.243118876
0.028192692,0.247890355
0.020160763,0.218596024
0.017134781,0.217718185
0.02413937,0.199864077
0.023666171,0.216189047
0.02572085,0.238248287
0.01777609,0.248909781
0.024755773,0.270799116
0.021661302,0.252860056
0.023410892,0.240556153
0.022452042,0.211205188
0.018728714,0.221654301
0.024699737,0.215056352
0.020409815,0.197060656
0.018311552,0.19030696
0.018479662,0.194667837
0.023504287,0.204437334
0.018554377,0.219544657
0.016288004,0.228634536
0.011848651,0.2430764
0.017800995,0.22329671
0.016642903,0.18663986
0.023311271,0.190151215
0.025210293,0.1998216
0.019743601,0.204267429
0.016829692,0.191991845
0.011406584,0.179942799
0.01595801,0.168021181
0.007988344,0.184459421
0.009980761,0.183751487
0.014463698,0.205584188
0.023983712,0.210199921
0.033534858,0.180749844
0.030645854,0.162640879
0.025285009,0.150294501
0.034904644,0.166350456
0.044524279,0.148340601
0.039182113,0.153041287
0.036349146,0.135073908
0.033522405,0.139887863
0.028223823,0.144800929
0.027937413,0.149827264
0.032650723,0.183199298
0.039885685,0.171093617
0.042120927,0.141898397
0.044368622,0.135456193
0.046603864,0.123350513
0.053826373,0.128306054
0.051043217,0.133261596
0.0557503,0.143866455
0.055488796,0.120447981
0.055221065,0.085844141
0.062462253,0.079727587
0.067206695,0.096378207
0.069448163,0.11300051
0.071670952,0.129523702
0.073893742,0.111938608
0.071116812,0.100101943
0.063340162,0.088321912
0.060525873,0.070807612
0.062705079,0.058999264
0.062406216,0.064223821
0.067094621,0.069490853
0.064311464,0.063515886
0.064031281,0.063246871
0.073738084,0.079968285
0.080929462,0.096647222
0.0806306,0.113255366
0.087803299,0.107110494
0.084964105,0.09537294
0.084609206,0.077886957
0.081745108,0.077448038
0.086377476,0.111032452
0.081029083,0.110579374
0.083183383,0.115846407
0.082865842,0.109885598
0.09005722,0.10391063
0.099732892,0.092286345
0.106899364,0.137395934
0.116543905,0.154103189
0.128697645,0.153777539
0.133348692,0.153494365
0.140477806,0.15322535
0.140073097,0.164226652
0.137184093,0.186569066
0.131792116,0.208968115
0.123940751,0.231466274
0.121076652,0.22567537
0.11570958,0.225547941
0.115367134,0.24815937
0.122514928,0.264979895
0.122166255,0.281800419
0.12678617,0.275924562
0.128884434,0.247324007
0.123473778,0.241419833
0.128037657,0.229738914
0.120117802,0.223707312
0.114719599,0.229087614
0.10680597,0.251614091
0.096414273,0.245823186
0.098531216,0.245667441
0.103151131,0.2625446
0.107789725,0.262388854
0.114900161,0.273616696
0.114501678,0.279181061
0.119090462,0.256300617
0.118629716,0.256031602
0.115672223,0.261426063
0.115161666,0.261072096
0.112148136,0.266466557
0.106625407,0.271960129
0.108636502,0.243373733
0.10566033,0.248739877
0.110199304,0.254049386
0.107254263,0.281998641
0.111793237,0.292943309
0.116325984,0.303930453
0.11333736,0.269425724
0.120317043,0.246233788
0.114794314,0.245709917
0.111787011,0.239522569
0.106295413,0.244747126
0.100822494,0.250056635
0.102858495,0.238333239
0.09742916,0.243656907
0.10453337,0.23756867
0.111662485,0.254176814
0.113829237,0.259443847
0.113486791,0.259033245
0.115653544,0.252945008
0.122801337,0.263776406
0.114981103,0.24621963
0.109663842,0.262672028
0.099359314,0.279081951
0.101538519,0.278487285
0.091221538,0.266579827
0.098412916,0.26037832
0.105635425,0.259911083
0.105367694,0.276434275
0.112552846,0.28730815
0.117235024,0.281163278
0.116880125,0.257957184
0.116512773,0.246092201
0.101152488,0.245540012
0.100735326,0.244959506
0.097815191,0.244379
0.09737935,0.266593985
0.099421577,0.254856431
0.103948098,0.260151781
0.105965419,0.248343433
0.110467035,0.293283117
0.112459451,0.298465198
0.111930216,0.297941326
0.103879608,0.291753979
0.105784856,0.257121821
0.107683878,0.23950841
0.104595633,0.238942063
0.106525786,0.261072096
0.110952686,0.260505748
0.115392039,0.265701988
0.127340311,0.282295973
0.134295089,0.293155689
0.138765574,0.332389421
0.145732805,0.348926771
0.150190836,0.331369995
0.15461151,0.313827377
0.158982373,0.296270601
0.158341064,0.290040777
0.162699475,0.283711842
0.172082511,0.288766495
0.174006438,0.27681656
0.178458243,0.253525514
0.175494524,0.247324007
0.180133118,0.269510676
0.169921984,0.291711503
0.174884346,0.291130996
0.165127733,0.279110268
0.158135596,0.25011327
0.163932283,0.249518605
0.15250702,0.243359574
0.141343262,0.243133035
0.135309976,0.220535765
0.119314609,0.204083366
0.123131331,0.210808744
0.11668711,0.23486436
0.114850351,0.281701308
0.115099403,0.294260067
0.112490583,0.272370731
0.104614312,0.261312794
0.101544745,0.249773461
0.100872305,0.237823526
0.095181466,0.248244322
0.084509585,0.230177833
0.076384262,0.240556153
0.080773805,0.217038568
0.077704238,0.233434332
0.074615993,0.249915048
0.07653992,0.255068811
0.083388851,0.265815257
0.082710184,0.253752053
0.0894844,0.247338166
0.083706393,0.252336184
0.085368815,0.24027298
0.072038304,0.233859093
0.066210486,0.199014555
0.057885922,0.169918446
0.057051597,0.174987257
0.0762037,0.208543354
0.112864161,0.242198561
0.169511049,0.24740896
0.256137576,0.229838025
0.365234825,0.206518661
0.481834766,0.200288837
0.60595608,0.222433029
0.730071167,0.278628872
0.826722039,0.385880954
0.878462602,0.510123464
0.867828079,0.645721244
0.789800073,0.792688452
0.66438369,0.905674803
0.501516104,0.950600328
0.34618857,0.87629552
0.213337982,0.711063601
0.122950769,0.500382285
0.067530462,0.318159937
0.047039705,0.187078779
0.049007216,0.112745653
0.060943036,0.089482925
0.075388054,0.117205641
0.087342552,0.162003738
0.084341475,0.218157105
0.07137209,0.268717789
0.053446569,0.273885711
0.038048926,0.267698363
0.025116899,0.238715524
0.029649646,0.238050065
0.036704045,0.2430764
0.036286883,0.242396783
0.040850762,0.236082007
0.045420867,0.22404712
0.042494505,0.200671122
0.037046492,0.183001076
0.036573293,0.193719205
0.031050564,0.204550603
0.035421427,0.221059636
0.032146393,0.220493289
0.036149904,0.225576259
0.034892192,0.236351022
0.03832911,0.247139944
0.028946074,0.252180438
0.024276348,0.245667441
0.029369462,0.198986238
0.026947431,0.180197655
0.029655872,0.178003058
0.030160203,0.186894716
0.02856627,0.212819278
0.027408178,0.216217364
0.024120691,0.197188084
0.026088202,0.184331993
0.030695665,0.205980631
0.027900055,0.193931585
0.025123125,0.182080761
0.027264973,0.147533556
0.024382195,0.141247097
0.026430648,0.134762417
0.030988301,0.145239848
0.030589818,0.161366597
0.030241145,0.171957297
0.034923323,0.188310585
0.039649086,0.159242793
0.044393527,0.181287874
0.046647448,0.186215099
0.04639217,0.196834117
0.046130665,0.179164071
0.045850482,0.161423232
0.040564352,0.132312964
0.035284449,0.125913236
0.040022664,0.130854619
0.039798517,0.14143116
0.049586262,0.135158861
0.051902446,0.123251402
0.059230803,0.122670895
0.054087878,0.105085802
0.068950059,0.13289347
0.063844492,0.121042646
0.063707513,0.11494025
0.063558082,0.097525061
0.060893225,0.074432237
0.063196957,0.068358158
0.060507194,0.079345302
0.055308233,0.096095033
0.055121444,0.09591097
0.064915416,0.09007759
0.0672316,0.084201733
0.079559676,0.083946877
0.084385059,0.117729512
0.084235628,0.123095656
0.079055346,0.122770006
0.083830919,0.099705499
0.076097853,0.082332786
0.070830402,0.093362406
0.070568897,0.081695645
0.065326352,0.092852693
0.070083246,0.09266863
0.074865045,0.092527043
0.077143871,0.092371298
0.08943459,0.114883616
0.096719362,0.114713711
0.113978669,0.14294614
0.108742349,0.131420966
0.113474338,0.114232316
0.103207168,0.114034094
0.105411278,0.142153254
0.097640854,0.159002095
0.099876097,0.187291159
0.107098606,0.192968794
0.106843328,0.175978366
0.116581263,0.181698477
0.123809998,0.198646429
0.133541707,0.221201223
0.130777229,0.249490287
0.125503552,0.2437277
0.125186011,0.237965113
0.119856297,0.243529478
0.112029836,0.220677352
0.101694177,0.237554511
0.101357956,0.26016594
0.096046921,0.260123464
0.098232353,0.271464575
0.100436464,0.248768194
0.105149774,0.260109305
0.107391242,0.271422099
0.114619978,0.28838421
0.114339794,0.305374639
0.11151928,0.288370052
0.116189006,0.271337147
0.108318961,0.248541655
0.097983301,0.231423798
0.090144388,0.254049386
0.092298688,0.259755338
0.089465721,0.259854449
0.0916387,0.254247607
0.091321159,0.242849861
0.09101607,0.242779068
0.100666837,0.248357592
0.102821137,0.259613751
0.104950532,0.24815937
0.104552049,0.225392196
0.10663786,0.219530498
0.106251829,0.236308546
0.103356599,0.247324007
0.095480328,0.258509373
0.095088071,0.264045421
0.097173882,0.246899247
0.101731534,0.241051708
0.103804893,0.246403693
0.108381224,0.246035567
0.105461089,0.262672028
0.105056379,0.268009854
0.099658176,0.250594665
0.09675672,0.227501841
0.096383142,0.238460667
0.093543948,0.249433652
0.095716927,0.249192955
0.095418065,0.266041796
0.100125149,0.24881067
0.104844685,0.237186385
0.1095829,0.236846576
0.109327622,0.26480999
0.101594556,0.270048706
0.096389368,0.275315739
0.096177674,0.274919295
0.095972206,0.246092201
0.090760792,0.239961488
0.095542591,0.239522569
0.095318444,0.244846237
0.092603777,0.272937079
0.09986987,0.255606841
0.097124072,0.243897604
0.101887192,0.260548225
0.096619741,0.27714221
0.103804893,0.293707878
0.098493858,0.287492213
0.095635986,0.264215325
0.090281367,0.240966755
0.094901282,0.223424138
0.094509025,0.234354647
0.091613795,0.256654585
0.093712058,0.267599252
0.105784856,0.261525174
0.117838975,0.266834683
0.12240908,0.289177097
0.126948054,0.300135923
0.126468629,0.311023957
0.125964298,0.310528402
0.122969448,0.298635102
0.127464837,0.298153707
0.116967293,0.292051311
0.131455896,0.308645296
0.138460485,0.336622869
0.145477526,0.336212267
0.165028112,0.318811236
0.177088457,0.30146684
0.179192947,0.312425667
0.181260079,0.311944271
0.180799333,0.299994337
0.182797975,0.282253497
0.169797458,0.253214023
0.164318313,0.235685564
0.156423364,0.240966755
0.151168365,0.257603217
0.151149687,0.257150139
0.14393963,0.24524268
0.139537635,0.244761284
0.140446675,0.232967095
0.141654577,0.244025033
0.133112092,0.266678938
0.124694133,0.278246588
0.116245042,0.290125729
0.09759727,0.268321346
0.096115411,0.258197882
0.084235628,0.242566687
0.081944349,0.243756017
0.081819823,0.261511015
0.078999309,0.244690491
0.083538282,0.233094523
0.085536925,0.232542334
0.087529341,0.231848559
0.08704369,0.265107323
0.07658973,0.264314436
0.068657423,0.263564026
0.065693703,0.251585773
0.060195879,0.245412584
0.057138766,0.216656284
0.066509349,0.233278586
0.065849361,0.249773461
0.065195599,0.260590701
0.067057263,0.254389194
0.066428407,0.242481735
0.060799831,0.241929546
0.060158522,0.241334881
0.064467122,0.234991788
0.071260017,0.239961488
0.098014433,0.227884125
0.142214944,0.215905873
0.206401883,0.204083366
0.293040863,0.209336241
0.402169243,0.191892734
0.528787303,0.191482132
0.660423762,0.225137339
0.77707974,0.315583055
0.86627773,0.462833437
0.875598503,0.627031772
0.827500327,0.796836949
0.714517866,0.921221045
0.556618869,0.937730079
0.383764297,0.880500651
0.238398844,0.749490287
0.130484593,0.538978875
0.065033715,0.351178003
0.027090636,0.186087671
0.021617718,0.094806592
0.051111706,0.094325197
0.068134413,0.150563516
0.090138162,0.223848898
0.084708827,0.251684884
0.079285719,0.279492553
0.06637237,0.239168602
0.050962275,0.221569349
0.040558126,0.215382001
0.030160203,0.197853543
0.027277425,0.214475845
0.029400594,0.208430084
0.036535935,0.202370165
0.038677783,0.230347737
0.045825576,0.241249929
0.042961478,0.23507674
0.037575727,0.23453871
0.034705403,0.239720791
0.031828851,0.210808744
0.033964473,0.210228238
0.038627972,0.221031319
0.038316657,0.209166336
0.032986943,0.219983576
0.030141524,0.196791641
0.037171018,0.190547658
0.036573293,0.195644787
0.035801232,0.21777482
0.042245453,0.217208473
0.035907079,0.205315172
0.039219471,0.193393555
0.037214602,0.169932605
0.037444975,0.174548338
0.035072754,0.18447358
0.025241425,0.176997791
0.023093351,0.180565781
0.018790977,0.178342867
0.024842942,0.176035
0.031274711,0.190887467
0.033067885,0.206037266
0.03509766,0.193251968
0.032270919,0.186668177
0.03201564,0.157727813
0.031735457,0.151667894
0.028946074,0.145636292
0.031119053,0.156566801
0.025783113,0.150379453
0.030459065,0.138500311
0.032663176,0.137948123
0.042432242,0.143116045
0.047276305,0.142578014
0.049660978,0.164693889
0.057032918,0.164184176
0.049424378,0.135314606
0.0467782,0.106501671
0.04661009,0.09472164
0.046435754,0.088619244
0.048776843,0.099535595
0.051130385,0.116214532
0.056011805,0.121608994
0.055930863,0.098686074
0.058359121,0.087160899
0.068290071,0.092640313
0.070755686,0.109474996
0.073208849,0.109290933
0.073121681,0.120405505
0.075487675,0.091762474
0.075338244,0.085872459
0.075188813,0.079982443
0.067536688,0.068457269
0.06489051,0.073936682
0.062263011,0.096491476
0.057138766,0.090658096
0.059517213,0.096222461
0.066889153,0.084796398
0.069255148,0.096080874
0.081614355,0.118706462
0.076465204,0.112858923
0.083774882,0.112646542
0.081072667,0.084060146
0.085854466,0.066843178
0.085636546,0.072421702
0.082928105,0.095018973
0.077710465,0.094849068
0.074989571,0.106048593
0.077299529,0.105935323
0.084615433,0.10586453
0.096937282,0.111471371
0.104271865,0.151073229
0.099122714,0.184954975
0.106457297,0.207481452
0.10628296,0.184629325
0.111083439,0.178880897
0.118355758,0.167454834
0.120640811,0.184374469
0.117944823,0.212663533
0.117745581,0.212621057
0.117558792,0.223976327
0.112366057,0.224089596
0.117147856,0.241235771
0.121910976,0.246955882
0.121655698,0.269652263
0.116406926,0.275372374
0.113648675,0.258381945
0.110877971,0.252732627
0.11061024,0.241405675
0.110348735,0.252775103
0.107609163,0.264144532
0.107372563,0.292617659
0.10714219,0.29281588
0.104377712,0.287322308
0.106594276,0.270430991
0.108823291,0.264909101
0.111027402,0.264951577
0.113250191,0.281998641
0.107995193,0.27065753
0.110224209,0.247904514
0.102460012,0.236549244
0.10470148,0.230814974
0.101937002,0.242184403
0.106662765,0.259344736
0.106382581,0.270898227
0.10362433,0.276759925
0.103325467,0.271223877
0.105510899,0.26557456
0.102659253,0.276859036
0.1073103,0.288044402
0.109439695,0.293495498
0.10656937,0.27054426
0.103699046,0.253270658
0.108362545,0.230305261
0.105573162,0.218765929
0.112770766,0.24134904
0.112490583,0.252605199
0.11470092,0.275188311
0.116898804,0.269298295
0.114115647,0.263394121
0.116338437,0.257475789
0.111039855,0.268618678
0.115771843,0.268448774
0.110547977,0.256951917
0.097852549,0.234028997
0.092709624,0.216727077
0.082623016,0.23918276
0.085032595,0.267401031
0.092441893,0.278600555
0.099826286,0.295406921
0.107223132,0.278062525
0.114576394,0.249320383
0.11941423,0.243232146
0.119252346,0.248541655
0.10907857,0.253865323
0.098892341,0.27054426
0.091190407,0.236025372
0.088475739,0.241292405
0.093263765,0.240910121
0.095555044,0.251953899
0.09783387,0.268731948
0.100075338,0.27984652
0.107285395,0.273928187
0.106955401,0.256555474
0.109084796,0.233490967
0.113686033,0.244435635
0.113281323,0.266735572
0.102870947,0.260689811
0.099957039,0.260307527
0.097068035,0.254134338
0.101675498,0.23670499
0.106314092,0.259033245
0.113443207,0.281488928
0.115547697,0.309622246
0.122614548,0.314974231
0.124669228,0.314591947
0.129208201,0.268774424
0.136231469,0.279676616
0.140789121,0.301990712
0.142843801,0.301608427
0.142414186,0.301197825
0.139494051,0.312128334
0.146554676,0.306054256
0.153627754,0.311406241
0.168191073,0.316758226
0.167792589,0.316418418
0.172400052,0.333125673
0.179585204,0.304312737
0.179385962,0.258466897
0.184329645,0.240995073
0.181969877,0.240513677
0.177381093,0.251373393
0.173103624,0.262190633
0.166678082,0.261723396
0.163048148,0.244492269
0.164635855,0.233377697
0.163764173,0.245384267
0.157786924,0.246446169
0.151523265,0.259118197
0.142383054,0.260463272
0.132800777,0.256003285
0.130341388,0.24556833
0.125117521,0.234581186
0.112216625,0.257164297
0.104209602,0.245270997
0.0961839,0.250127428
0.093207728,0.238007589
0.095268634,0.226071813
0.084895616,0.231367163
0.086987653,0.253737894
0.086595396,0.270430991
0.086172008,0.275570595
0.085698809,0.269340771
0.087691225,0.234722773
0.082137365,0.222758679
0.07903044,0.210837062
0.070930023,0.227232826
0.070313619,0.220918049
0.064709948,0.220323384
0.069093264,0.20847256
0.073464127,0.21940307
0.070319845,0.207637198
0.072156604,0.229951294
0.074012042,0.246488645
0.063383746,0.223268392
0.062761116,0.205754092
0.067138205,0.199595061
0.086489549,0.204833777
0.125814867,0.227034604
0.18016425,0.226524891
0.249500339,0.209010591
0.356300083,0.180268449
0.478130117,0.162938211
0.609965818,0.185351419
0.734342409,0.275853769
0.838751253,0.400280342
0.89075332,0.541711503
0.880342945,0.683114346
0.81500414,0.807540919
0.682253174,0.88657473
0.534534179,0.925850937
0.37684065,0.874270827
0.239158453,0.731876876
0.136455616,0.532777369
0.076228605,0.33369202
0.045956329,0.18004191
0.050632281,0.122869117
0.060289274,0.111089086
0.077430281,0.138967548
0.087081048,0.172537804
0.089247801,0.200387948
0.086433512,0.211205188
0.073650916,0.222050745
0.040900572,0.221541032
0.030645854,0.226694795
0.022900336,0.192175908
0.025172936,0.208784052
0.029936056,0.202681656
0.039680217,0.230602594
0.049418152,0.235784675
0.041647728,0.223877216
0.046342359,0.194866059
0.040975288,0.182873648
0.038005342,0.176615507
0.029880019,0.18739027
0.019040029,0.192515716
0.007969665,0.186328368
0.006606106,0.18587529
0.014936896,0.185379736
0.02050321,0.207424817
0.025845376,0.212111344
0.018585509,0.210766268
0.023840507,0.203304638
0.019295307,0.189740613
0.015055196,0.181627683
0.016188383,0.190618452
0.017701374,0.188494648
0.017047613,0.186753129
0.019152102,0.168502577
0.02141225,0.156396896
0.026274991,0.167369882
0.026144238,0.167143343
0.028504007,0.183978026
0.033323164,0.183567424
0.033117696,0.148864473
0.032893549,0.148099904
0.037681575,0.158662287
0.037482333,0.1522484
0.03230205,0.140298465
0.029649646,0.134125276
0.027040826,0.122274452
0.02447559,0.127456533
0.026928752,0.138429518
0.026903847,0.155136773
0.031884888,0.149204282
0.031866209,0.131902362
0.041834517,0.137254347
0.041828291,0.136872062
0.041803386,0.125134508
0.044275227,0.107761794
0.044231643,0.090445716
0.046672353,0.061831002
0.05160981,0.067310415
0.05405052,0.078453305
0.061497176,0.078269242
0.061484724,0.066800702
0.061466045,0.078099337
0.068943833,0.08369202
0.066422181,0.100611655
0.06888157,0.089058164
0.066328786,0.077476355
0.068738365,0.048904117
0.066160676,0.031814578
0.073576201,0.043155689
0.07347658,0.065866229
0.068408371,0.060146118
0.078326868,0.077122388
0.065787098,0.082700912
0.06574974,0.082658436
0.068177997,0.111018293
0.068084603,0.122288611
0.067966303,0.127768024
0.070357203,0.087769723
0.075219944,0.059197485
0.075114097,0.047771422
0.075002024,0.070425327
0.084876937,0.081738121
0.087267837,0.104377867
0.09965195,0.121311661
0.099558555,0.143965566
0.1094646,0.178045534
0.109383658,0.20653282
0.111768332,0.217916407
0.106631633,0.217859772
0.103991682,0.194979328
0.108817065,0.194781107
0.108692539,0.194696154
0.111083439,0.217392536
0.115964859,0.251543297
0.108374998,0.245936456
0.108269151,0.251684884
0.110666276,0.234722773
0.108057456,0.234850201
0.102951889,0.252038851
0.102802458,0.280483661
0.097622176,0.286161296
0.089907788,0.263351645
0.087174442,0.240612788
0.086937843,0.234991788
0.096694457,0.252180438
0.093986016,0.269454041
0.098780268,0.258282834
0.101108904,0.26405958
0.095947301,0.252803421
0.100791363,0.26427196
0.105598067,0.264427706
0.102895853,0.292999943
0.100181185,0.276051991
0.094944866,0.253369768
0.094720719,0.236294387
0.089496853,0.236351022
0.094259973,0.242184403
0.094017147,0.25378037
0.093793,0.271011497
0.106046361,0.265489608
0.10333792,0.27119556
0.105629199,0.271238036
0.112913971,0.271322988
0.107671426,0.260010194
0.102410201,0.294047686
0.102111339,0.254190972
0.09180681,0.248300957
0.093998468,0.231098148
0.096190126,0.231013196
0.100878531,0.259443847
0.105591841,0.270841593
0.105336563,0.270855751
0.10759671,0.265050688
0.104888269,0.259203149
0.107192,0.270430991
0.102017944,0.292985785
0.101843608,0.292773404
0.104153565,0.269808008
0.093992242,0.24113666
0.093849037,0.240924279
0.091233991,0.240768534
0.093618664,0.240641106
0.088531776,0.268958487
0.090960033,0.257404995
0.09589749,0.251430028
0.10833764,0.273843235
0.110797029,0.262190633
0.113212834,0.278968681
0.105635425,0.284363142
0.103026605,0.267004587
0.102895853,0.238234128
0.097771607,0.237866002
0.095150334,0.243246305
0.09749765,0.26567367
0.092348499,0.27108229
0.097180108,0.265121482
0.099477613,0.253539673
0.099259693,0.264654245
0.10901008,0.275712182
0.111207965,0.275400691
0.113393396,0.297714787
0.120553643,0.274593646
0.120229875,0.257107663
0.122421533,0.251033584
0.12458206,0.262034887
0.114271305,0.290097412
0.113966216,0.329543524
0.118654621,0.317919239
0.120871184,0.31195843
0.133074734,0.317324574
0.150240647,0.316998924
0.152407399,0.339327179
0.162039487,0.333253101
0.161659683,0.34418361
0.168757666,0.315384833
0.170874609,0.280936739
0.175519429,0.274919295
0.177673729,0.274508693
0.167362975,0.285509996
0.169548406,0.290805346
0.166727892,0.290408903
0.163913604,0.278671348
0.161099316,0.272611429
0.158303707,0.277906779
0.148123704,0.271804384
0.145546015,0.26567367
0.14063969,0.236789942
0.128529534,0.213583848
0.116730694,0.201718865
0.110261567,0.206943422
0.109103475,0.240768534
0.103225847,0.257858073
0.10247869,0.280993374
0.096713136,0.253412244
0.098275937,0.248824829
0.092006052,0.255805063
0.095355802,0.262841932
0.088295176,0.269708897
0.080885878,0.25918899
0.070724555,0.242566687
0.070375882,0.231154783
0.072436787,0.219374752
0.077006893,0.224457722
0.076614636,0.252137962
0.078775162,0.257121821
0.07096738,0.267825791
0.070649839,0.255847539
0.065313899,0.243883446
0.072430561,0.248952257
0.066938964,0.254021068
0.06388185,0.247762927
0.05830931,0.235770516
0.052711865,0.20685847
0.054610887,0.195035963
0.056516135,0.194625361
0.068433276,0.211247664
0.077841217,0.25053803
0.109738558,0.272795492
0.154113406,0.255323668
0.218456002,0.232174209
0.307766065,0.209053067
0.409528731,0.197216401
0.523762678,0.191000736
0.642996345,0.207523928
0.749796089,0.28654358
0.841652709,0.388429518
0.888586567,0.5244379
0.875604729,0.694540409
0.792770019,0.853188537
0.667503066,0.949354364
0.512287605,0.943308603
0.354600303,0.840743048
0.224389667,0.692713938
0.12666787,0.470818939
0.066409728,0.294274226
0.036118773,0.168814068
0.030801512,0.100229371
0.04048341,0.088520134
0.052680734,0.145027468
0.069896457,0.218610183
0.077131419,0.275004248
0.066907832,0.308687773
0.05916854,0.285623266
0.0514417,0.239848219
0.041186982,0.199680014
0.030919811,0.199226935
0.025646134,0.204380699
0.022856751,0.198136716
0.01009906,0.208939797
0.012328076,0.20285156
0.014588224,0.185478847
0.019351344,0.202171943
0.021667528,0.213159087
0.031480179,0.229852183
0.028809095,0.240768534
0.03610632,0.217619075
0.040844535,0.205754092
0.035502369,0.193846633
0.040022664,0.216004984
0.039393807,0.209817636
0.026063297,0.203587812
0.0224894,0.186059353
0.016163478,0.179914482
0.017060065,0.185139038
0.020185668,0.207212437
0.02560255,0.22891771
0.033385427,0.221838364
0.028709475,0.197287195
0.02418918,0.178116328
0.02992983,0.16446735
0.021032445,0.162187801
0.019992653,0.160007363
0.016823466,0.175143003
0.011400357,0.167992864
0.018653998,0.149940533
0.03100698,0.149430821
0.033422785,0.183340885
0.03083887,0.200345472
0.038204584,0.183100187
0.033074112,0.154287252
0.035427653,0.159341904
0.032769023,0.158718922
0.030153976,0.163830209
0.030073035,0.169026448
0.025042183,0.162909894
0.025042183,0.145508863
0.027570061,0.116865832
0.037594406,0.12240188
0.047624977,0.139321516
0.05263715,0.161932944
0.060139843,0.161706405
0.050190213,0.138712692
0.042749784,0.121396613
0.047786861,0.104179645
0.045346151,0.104108852
0.045383509,0.098360424
0.045420867,0.092611995
0.045464451,0.081143456
0.050489076,0.069689075
0.060507194,0.09807725
0.06302262,0.098176361
0.07302206,0.121028487
0.068016114,0.115365011
0.070494182,0.109602424
0.07546277,0.081086821
0.075456544,0.063983123
0.077928385,0.069689075
0.072928665,0.075395027
0.077922159,0.069717393
0.070438145,0.069660758
0.075450317,0.058305488
0.073003381,0.06401144
0.070531539,0.069844821
0.078028006,0.098346265
0.075531259,0.126776916
0.080493621,0.09828963
0.08295301,0.07547998
0.090405893,0.052712805
0.090356082,0.064039758
0.092815471,0.064110551
0.087828204,0.092640313
0.090318724,0.098417058
0.090331177,0.104179645
0.097865001,0.115648185
0.102895853,0.14413547
0.11288284,0.172764343
0.125354121,0.195644787
0.12530431,0.201421533
0.132738514,0.190066263
0.135172998,0.167341564
0.132632667,0.173104151
0.125098843,0.184629325
0.122570964,0.196196976
0.12003686,0.224825848
0.117496529,0.230701705
0.114956198,0.242269355
0.112415867,0.265277227
0.11486903,0.293948576
0.117328419,0.299866908
0.112266436,0.277340432
0.117197666,0.260449114
0.114626204,0.249207113
0.112054742,0.243642748
0.109439695,0.266537351
0.104321676,0.261114572
0.10419715,0.244379
0.09912894,0.244718808
0.111556638,0.239324347
0.109022533,0.262318061
0.111469469,0.279676616
0.113903953,0.2856799
0.113835464,0.268930169
0.108742349,0.252081328
0.111133249,0.246531121
0.106021456,0.252364501
0.098394237,0.258240358
0.103256978,0.230092881
0.108144625,0.224655944
0.110535524,0.23626607
0.12293209,0.26492326
0.120366854,0.287860339
0.120298364,0.299498782
0.115248834,0.305445432
0.110174399,0.271634479
0.112583977,0.260477431
0.109981383,0.272002605
0.102347938,0.277821827
0.102192281,0.272370731
0.092055862,0.272554794
0.094403178,0.250070793
0.101768892,0.244648015
0.106675217,0.256229824
0.109091022,0.279181061
0.119021973,0.285028601
0.118990841,0.279549187
0.118972162,0.2569236
0.111475696,0.251217647
0.106482202,0.268151441
0.101488709,0.267995696
0.098973283,0.296256442
0.093979789,0.279110268
0.091489269,0.256314776
0.096488989,0.250594665
0.108985175,0.256201506
0.106494655,0.295874158
0.116469189,0.307087841
0.118947257,0.306917936
0.111425885,0.278289064
0.108854423,0.266664779
0.106245603,0.266409922
0.103618104,0.271818542
0.098487631,0.277269638
0.095853906,0.271393782
0.095704475,0.259967718
0.095555044,0.271209719
0.100386653,0.26546129
0.100199864,0.282395084
0.112496809,0.299300561
0.114781862,0.299158974
0.114551488,0.270586736
0.124283197,0.259004927
0.129015186,0.253086595
0.128747455,0.264130373
0.126001656,0.297870533
0.120752884,0.320368692
0.123013032,0.337231693
0.125266953,0.354222122
0.13252682,0.35985728
0.13229022,0.371113439
0.149543301,0.37100017
0.164280956,0.365209265
0.164019451,0.353712409
0.176229228,0.325168488
0.178427112,0.296511299
0.185612263,0.301877442
0.185319627,0.307158634
0.182548923,0.312453984
0.179834256,0.283867588
0.17720053,0.266735572
0.177194304,0.260958827
0.169865948,0.260803081
0.172742499,0.294599875
0.168390314,0.311335448
0.166808834,0.299668687
0.158035976,0.282352608
0.152008916,0.242510053
0.153683791,0.225618735
0.147999178,0.214730702
0.13479942,0.249745144
0.128884434,0.251104378
0.122664359,0.252746786
0.11606448,0.265744464
0.114084516,0.284122444
0.101800024,0.307753299
0.099259693,0.319505012
0.099066677,0.313813219
0.101270788,0.285071077
0.093469233,0.244761284
0.088176877,0.227133715
0.082934331,0.209633573
0.080232117,0.237724415
0.072555087,0.237625304
0.082336606,0.237582828
0.077106513,0.231806083
0.084329023,0.248612448
0.086526907,0.253978592
0.083706393,0.270685847
0.085835788,0.293056578
0.08046249,0.298323611
0.077504997,0.25811293
0.069547784,0.223594042
0.066571612,0.2060939
0.056111426,0.222730362
0.053129028,0.211021125
0.052662055,0.239111967
0.062175843,0.221795888
0.086695017,0.232867984
0.126207124,0.221229541
0.180693485,0.226638161
0.245179286,0.220705669
0.339619822,0.2374554
0.431513801,0.203063941
0.53338854,0.202709973
0.64773456,0.20231353
0.752130952,0.292830039
0.8365845,0.42885258
0.886127178,0.576244549
0.878325623,0.723707312
0.813123798,0.825777312
0.710476997,0.899402503
0.5729131,0.916166393
0.420368722,0.870419664
0.282817277,0.773503426
0.172736273,0.608526363
0.095094297,0.426558872
0.054928429,0.250254856
0.034767666,0.119386079
0.037096302,0.073766778
0.054430325,0.107705159
0.064299012,0.164354081
0.066683685,0.232259161
0.074074305,0.254729003
0.066484444,0.243104718
0.053869957,0.231437957
0.048739485,0.231140624
0.033609574,0.225165657
0.030932264,0.213541372
0.028273633,0.196182817
0.028136655,0.195899643
0.033036754,0.190023787
0.032968265,0.218270374
0.02794364,0.240881803
0.022900336,0.240754375
0.027800435,0.223494931
0.027663456,0.211714901
0.027426857,0.205570029
0.027022147,0.210780427
0.026393291,0.210383984
0.027974771,0.20436654
0.021760922,0.181316192
0.025228972,0.169649431
0.020907919,0.157741972
0.021368666,0.185365577
0.019214365,0.201308263
0.019600396,0.211205188
0.0202168,0.203672764
0.023672397,0.178795945
0.02004869,0.165217761
0.019326439,0.180282607
0.011437715,0.190052104
0.011263379,0.177620774
0.003748233,0.165642521
0.011275831,0.142677125
0.016281777,0.142563856
0.013791257,0.148255649
0.026218954,0.188013253
0.023659944,0.18782919
0.028603627,0.176077476
0.033609574,0.17549697
0.028653438,0.152205924
0.023747113,0.117587925
0.026337254,0.139958657
0.021437155,0.145282324
0.016543282,0.133587246
0.014152382,0.12759812
0.024263896,0.104689358
0.029425499,0.093249136
0.034618234,0.115987993
0.039817196,0.138769327
0.045041062,0.144404485
0.042774689,0.13289347
0.048004782,0.109984709
0.043216756,0.092796058
0.048397039,0.075649884
0.04854647,0.087005154
0.051186422,0.092725265
0.046348586,0.08142663
0.046491791,0.08726001
0.046641222,0.08185139
0.049306079,0.076456929
0.046958763,0.093688056
0.049617394,0.105128278
0.052288477,0.105156595
0.064921642,0.105128278
0.07005834,0.065469785
0.075157681,0.042858356
0.067767062,0.048620944
0.062842057,0.060047007
0.057948185,0.077136546
0.055551059,0.065894546
0.058159879,0.049102339
0.060781152,0.03805856
0.068408371,0.078028544
0.068545349,0.10661494
0.076185021,0.11808348
0.078818746,0.106827321
0.081402661,0.084258368
0.073999589,0.073002209
0.074074305,0.078750637
0.076651993,0.084513224
0.071764347,0.101730192
0.074360715,0.10197089
0.076950856,0.085291952
0.087031237,0.074375602
0.092111899,0.091734156
0.102186054,0.114699553
0.107266716,0.154683695
0.112328699,0.160602028
0.114881482,0.166548678
0.117396908,0.14413547
0.119881202,0.138741009
0.122384175,0.150379453
0.122402854,0.167723849
0.122427759,0.190788356
0.112509262,0.191184799
0.115080724,0.208656623
0.112658693,0.220408337
0.11520525,0.243501161
0.117733128,0.266579827
0.115242608,0.266933794
0.110242888,0.267386872
0.105224489,0.256413887
0.102677932,0.228379679
0.097653307,0.234397123
0.097647081,0.240400408
0.095150334,0.263535708
0.095169013,0.269737215
0.095193918,0.27033188
0.100193638,0.259486323
0.102702837,0.242906496
0.102709064,0.254686527
0.102733969,0.272101716
0.095237502,0.278189953
0.097709344,0.25021238
0.090175519,0.239211078
0.095112976,0.216896981
0.097535007,0.234269695
0.099963265,0.251699043
0.102397749,0.263549867
0.102341712,0.269737215
0.102273223,0.270161975
0.104726385,0.264795832
0.109688747,0.282055276
0.107173322,0.293552132
0.10963271,0.276646656
0.10458318,0.265447131
0.09953365,0.225901909
0.094496572,0.214787336
0.09197492,0.226326669
0.094446762,0.237908478
0.096980867,0.243869287
0.102055302,0.249844254
0.102148697,0.244421476
0.107254263,0.261638444
0.112378509,0.267344396
0.110043646,0.301452682
0.115186571,0.312864586
0.102846042,0.278897888
0.102970568,0.261879141
0.095604854,0.244846237
0.093245086,0.244803761
0.095872585,0.267443507
0.093531496,0.267471824
0.09867442,0.267613411
0.098811399,0.273418474
0.106395034,0.27919522
0.113947537,0.28481622
0.10901008,0.290323951
0.106550691,0.267443507
0.106538239,0.261709237
0.104004134,0.244619698
0.101451351,0.238913745
0.093892621,0.255918333
0.091327385,0.278643031
0.091246443,0.267358555
0.091165501,0.256144872
0.101071546,0.267670046
0.103487351,0.284787903
0.10838745,0.284759585
0.100791363,0.290323951
0.100666837,0.295803364
0.100511179,0.272993714
0.09783387,0.284264031
0.10266548,0.284179079
0.10747841,0.289715127
0.109838178,0.283938381
0.109732331,0.289531064
0.122103992,0.300886334
0.124482439,0.323710143
0.144338113,0.357875064
0.149194628,0.346505635
0.156535437,0.334980461
0.158857847,0.323426969
0.166136393,0.317593589
0.168402767,0.311760208
0.168191073,0.317381209
0.165513763,0.294557399
0.165395464,0.283117177
0.16289249,0.265956844
0.163029469,0.282904797
0.165825078,0.28849748
0.173857007,0.299866908
0.174641521,0.294047686
0.17566886,0.305218893
0.16449265,0.282310132
0.158565211,0.270969021
0.150340267,0.288398369
0.129749889,0.255097129
0.119140272,0.222135697
0.115852785,0.229144249
0.109831952,0.253383927
0.10345622,0.27768024
0.09919743,0.307611712
0.094608646,0.297587359
0.097229919,0.275712182
0.094670909,0.26471088
0.094509025,0.258919975
0.089291385,0.258495214
0.076564825,0.246573597
0.073843932,0.229059297
0.066141997,0.240046441
0.063414877,0.251161013
0.06070021,0.26233222
0.070438145,0.284844538
0.072654708,0.284632157
0.072368298,0.278742142
0.084528264,0.250070793
0.079192324,0.243982556
0.07881252,0.232174209
0.070923796,0.214716543
0.065525593,0.214334258
0.057599512,0.196989862
0.054654471,0.185393895
0.064180712,0.207849578
0.086234271,0.270077023
0.123274536,0.286911706
0.190281989,0.281078326
0.279766389,0.246913405
0.394218257,0.212706009
0.521172537,0.201138359
0.653114085,0.217916407
0.775099776,0.314167186
0.86962748,0.421773234
0.911742181,0.546525457
0.896456612,0.688338902
0.808808971,0.818825395
0.671276205,0.926516396
0.50879465,0.954734666
0.341325829,0.858002492
0.216314154,0.698844651
0.118754242,0.494336524
0.06364525,0.301127032
0.036000473,0.158931302
0.043316377,0.107549414
0.053135254,0.084612335
0.075437865,0.112788129
0.082803579,0.163787733
0.080182306,0.226114289
0.062599232,0.277099734
0.052531303,0.28838421
0.034954455,0.276943988
0.027352141,0.219955259
0.029749267,0.231140624
0.027121768,0.230899926
0.031984509,0.23064507
0.029338331,0.213413943
0.021729791,0.196168658
0.021673754,0.173217421
0.01913965,0.161678088
0.016586866,0.195573993
0.018977766,0.218128787
0.013722768,0.240683582
0.018249289,0.234779408
0.022495626,0.228875234
0.033927115,0.21161579
0.032532423,0.199977346
0.023298819,0.205201903
0.023759565,0.18739027
0.021574133,0.169196353
0.014451245,0.167596421
0.015055196,0.17701195
0.013523526,0.203347114
0.004949909,0.212776802
0.011773935,0.228195616
0.011493752,0.204295747
0.021430929,0.192119273
0.023996165,0.180339242
0.03156112,0.185917766
0.031586026,0.185917766
0.029058147,0.185846973
0.026474232,0.151526307
0.023896544,0.128391006
0.018847014,0.14490004
0.01385352,0.138868437
0.011387905,0.167015914
0.011475073,0.178243756
0.024083333,0.166718582
0.029220031,0.155150932
0.039343997,0.160587869
0.039449844,0.166010647
0.042046212,0.154386362
0.042114701,0.15408903
0.044686163,0.119711729
0.039773612,0.090969587
0.037407617,0.101985048
0.040066248,0.11883389
0.037750064,0.135696891
0.037949305,0.141289574
0.043154493,0.124143399
0.048372134,0.112689019
0.063558082,0.095514527
0.06376355,0.089681146
0.063956565,0.089553718
0.064149581,0.095118083
0.056839903,0.083734496
0.054511266,0.061066433
0.05467315,0.05547375
0.057319328,0.055643654
0.05995928,0.078566574
0.065120884,0.084513224
0.067779514,0.073370335
0.070444371,0.084980461
0.078096495,0.073880048
0.07574918,0.074035793
0.078370452,0.085461856
0.073489032,0.08553265
0.076079174,0.057257745
0.076178794,0.029053633
0.076265963,0.034971966
0.071378316,0.046596251
0.071484163,0.058234694
0.061621702,0.081171773
0.069242695,0.075763153
0.074360715,0.070382851
0.081969255,0.082021295
0.087056143,0.076598516
0.099639497,0.093787167
0.097217466,0.088279436
0.107266716,0.065809594
0.107328979,0.060471768
0.112366057,0.066574163
0.112415867,0.101078892
0.112471904,0.129835193
0.107565579,0.175695192
0.112640014,0.215948349
0.115230155,0.227813332
0.117807844,0.22826641
0.11537336,0.228606218
0.115423171,0.257235091
0.115466755,0.251826471
0.10800142,0.22945574
0.105523352,0.218525231
0.10056099,0.224655944
0.105585615,0.225066546
0.100623253,0.259613751
0.09567957,0.260123464
0.100722874,0.260732287
0.100791363,0.250056635
0.105834667,0.2562723
0.103381504,0.245327632
0.098412916,0.257022711
0.093419422,0.268717789
0.085941635,0.263479073
0.083426209,0.235543977
0.085910503,0.230333579
0.093394517,0.225094863
0.098400463,0.24827264
0.100934568,0.27714221
0.100940794,0.266296653
0.105934288,0.255394461
0.108406129,0.255805063
0.108350092,0.244718808
0.105809762,0.256258141
0.10321962,0.256470522
0.095617307,0.256711219
0.09300226,0.239919012
0.092877734,0.22307017
0.09527486,0.22891771
0.092684719,0.234765249
0.092616229,0.251953899
0.095032034,0.269156708
0.104944306,0.25799966
0.107372563,0.252435295
0.109794594,0.252506088
0.112235304,0.269553152
0.102204733,0.269581469
0.092174162,0.269623945
0.092143031,0.252675993
0.097117845,0.230064564
0.092143031,0.241575579
0.097217466,0.247465594
0.094807887,0.276066149
0.102403975,0.270615054
0.107521994,0.270855751
0.11264624,0.259741179
0.105299205,0.248569972
0.102920758,0.254417511
0.103039058,0.254474146
0.09817009,0.260222575
0.095791643,0.248966416
0.095922395,0.24340205
0.093562627,0.220833097
0.08874347,0.249377018
0.093923753,0.266593985
0.09658861,0.272526477
0.099216109,0.278388175
0.104315449,0.261482698
0.106880685,0.261610126
0.101893418,0.272979555
0.10436526,0.284292349
0.096818983,0.278586396
0.101737761,0.272951237
0.101656819,0.244619698
0.096576157,0.233406015
0.098979509,0.267613411
0.096395594,0.279096109
0.096314652,0.290564649
0.101227204,0.284986124
0.111108344,0.296412188
0.120958352,0.296426346
0.125814867,0.307724982
0.135621291,0.324786204
0.13791257,0.324842839
0.142706822,0.319235997
0.142520033,0.313629156
0.139861403,0.31368579
0.139718198,0.336467124
0.14461207,0.37629552
0.156977504,0.376352155
0.164343219,0.365039361
0.171671575,0.342258028
0.183987199,0.342116441
0.183794183,0.336268902
0.183601168,0.341734156
0.170930645,0.313232712
0.168303146,0.290578807
0.165762815,0.267896585
0.163396821,0.250891998
0.163764173,0.267924902
0.159424441,0.290607125
0.15791145,0.284887014
0.151753638,0.279166903
0.148410114,0.267981537
0.145309416,0.251359234
0.137308619,0.25778728
0.124245839,0.258919975
0.108437261,0.288766495
0.107254263,0.262063204
0.103157357,0.269439882
0.098649515,0.276547545
0.096320879,0.260576542
0.093755643,0.272455683
0.086047482,0.295251175
0.090748339,0.283598573
0.092964902,0.260420796
0.090212877,0.259854449
0.084982784,0.253709577
0.082255664,0.264753356
0.07948496,0.247536388
0.074130341,0.230503483
0.076216152,0.213470578
0.075767859,0.230503483
0.072816592,0.236152801
0.079883444,0.270275245
0.074479014,0.264668403
0.079080251,0.236322705
0.076197473,0.219261483
0.05581879,0.219176531
0.05292356,0.219020785
0.06500881,0.235926262
0.089596473,0.235883785
0.149144818,0.224556833
0.236169829,0.230262785
0.343218624,0.213328991
0.470278752,0.196423515
0.607394355,0.230602594
0.749497226,0.304454324
0.861651589,0.423698816
0.921399174,0.582630118
0.898779022,0.752845897
0.806237508,0.883346548
0.658773792,0.945786374
0.481342889,0.906085405
0.316383266,0.781219913
0.17391927,0.610989976
0.086396155,0.423684658
0.043845613,0.242071133
0.033765231,0.117233958
0.04866477,0.088930736
0.066061055,0.134365974
0.085941635,0.196791641
0.085854466,0.247777086
0.078283284,0.276023673
0.06319073,0.247578864
0.050576244,0.230461007
0.035471238,0.196395197
0.022856751,0.202072832
0.017763637,0.196423515
0.012689202,0.196522626
0.025073315,0.207962848
0.029886245,0.219388911
0.037077623,0.247777086
0.036579519,0.253426403
0.035857268,0.253341451
0.024830489,0.236209435
0.015964236,0.190703404
0.016779882,0.207580563
0.012328076,0.212847596
0.010192455,0.22913009
0.005547634,0.227983236
0.013529752,0.220818939
0.01430804,0.219049102
0.020440947,0.217137679
0.019463417,0.226595684
0.023846733,0.21355553
0.018485888,0.183878915
0.023311271,0.183057711
0.025751982,0.159964886
0.030739249,0.165585887
0.023261461,0.165727474
0.023267687,0.188508807
0.015752542,0.171433426
0.013218437,0.159964886
0.015702731,0.171121935
0.020702451,0.210652999
0.025727076,0.216104095
0.030776607,0.221498556
0.028360802,0.198476525
0.033453916,0.175355383
0.031069243,0.152319194
0.033653158,0.12932548
0.026243859,0.163093957
0.023790697,0.162853259
0.018859466,0.156906609
0.023927675,0.133983689
0.026536495,0.133842102
0.029157768,0.150747579
0.041815838,0.162017897
0.049461736,0.150506881
0.052120367,0.121878009
0.059753812,0.093220819
0.057425175,0.087302486
0.05756838,0.109843122
0.050233798,0.098388741
0.050395681,0.081355836
0.048060819,0.064407884
0.048253834,0.075933058
0.05093737,0.081865549
0.051124159,0.110494421
0.051310948,0.110791754
0.061484724,0.093985388
0.066633875,0.065724642
0.066770853,0.060174435
0.066889153,0.071699609
0.07199472,0.060528402
0.069591368,0.055133941
0.067169337,0.049725321
0.064753532,0.03297559
0.059859659,0.055983463
0.062487158,0.090431557
0.062617911,0.102112477
0.070220224,0.102452285
0.067829325,0.085773348
0.077884801,0.08044968
0.080437584,0.075069378
0.077996874,0.092399615
0.078040459,0.086990995
0.075599748,0.087302486
0.083170931,0.081978819
0.083258099,0.082318627
0.09333848,0.094056182
0.103431315,0.134238546
0.096053148,0.163023164
0.108636502,0.169097242
0.113729617,0.180848955
0.116294853,0.169918446
0.118847636,0.181698477
0.118878768,0.199113666
0.118897447,0.216500538
0.113903953,0.222588775
0.111407206,0.222999377
0.108916686,0.217817296
0.106457297,0.229724755
0.106494655,0.258693436
0.104066397,0.281970323
0.104134887,0.282522512
0.106681444,0.271676955
0.101700403,0.260859716
0.109190643,0.26708954
0.09668823,0.267613411
0.091657379,0.279492553
0.094116768,0.268618678
0.094073184,0.252095486
0.089067238,0.235600612
0.09407941,0.230489324
0.091620021,0.248102735
0.101631914,0.260010194
0.099160072,0.283258764
0.096682004,0.266735572
0.096694457,0.238885428
0.091688511,0.250764569
0.091663605,0.245540012
0.084104876,0.251571615
0.079017988,0.234935153
0.086414834,0.218341168
0.088818186,0.224471881
0.091209085,0.236336864
0.096109184,0.253822846
0.098518763,0.265546242
0.098419142,0.254502464
0.10582844,0.254785637
0.105741272,0.249320383
0.100666837,0.266593985
0.098076696,0.261072096
0.095467875,0.249773461
0.095362028,0.232853826
0.090262688,0.22728946
0.090163067,0.227431047
0.095081845,0.23897038
0.095038261,0.250594665
0.092535288,0.262176474
0.102528501,0.239706632
0.110049873,0.239961488
0.105099963,0.245851504
0.11015572,0.268774424
0.102709064,0.274664439
0.095249955,0.26352155
0.09027514,0.229753072
0.092815471,0.235798833
0.095399386,0.230489324
0.1030017,0.259231466
0.100635705,0.287973608
0.103294336,0.282720734
0.10094702,0.288752336
0.108592918,0.272030923
0.108723671,0.266537351
0.111344943,0.295052954
0.108966496,0.289460271
0.10407885,0.266834683
0.104190923,0.244223254
0.099284598,0.238701365
0.091862847,0.255847539
0.086944069,0.267316079
0.084515812,0.278798777
0.089584021,0.267585094
0.102117565,0.256371411
0.114588846,0.256498839
0.119526303,0.273701648
0.124445081,0.296468823
0.121848713,0.307909045
0.12422716,0.296695362
0.121599661,0.308135584
0.126456176,0.291215948
0.128797265,0.302741123
0.131175712,0.319873138
0.131069865,0.337005154
0.145944499,0.325805629
0.150819693,0.314606105
0.165663194,0.326088803
0.183015896,0.303392422
0.192865904,0.314691057
0.190225952,0.303222518
0.185089254,0.25778728
0.174946609,0.235105057
0.167306938,0.229526533
0.164642081,0.240952597
0.159505383,0.252322025
0.159362178,0.257971343
0.156684868,0.263677295
0.154007559,0.241009231
0.143852462,0.241065866
0.143752841,0.23540239
0.133828117,0.258056295
0.119121593,0.223863057
0.109676295,0.206688565
0.09556127,0.195205867
0.09924724,0.212196296
0.088295176,0.229328312
0.08261679,0.235430707
0.07460354,0.24762134
0.076552373,0.23756867
0.078277058,0.222178173
0.082124912,0.229653962
0.0805123,0.242637481
0.078470073,0.238234128
0.073576201,0.233406015
0.070930023,0.216741236
0.068184224,0.205286855
0.070388334,0.204890412
0.07012683,0.232783032
0.072411882,0.249433652
0.067250279,0.249207113
0.062069996,0.237752733
0.069360995,0.220705669
0.071608689,0.226312511
0.06632256,0.220493289
0.068458181,0.231565385
0.068034793,0.208599989
0.065064847,0.168587529
0.082025291,0.179730419
0.113984895,0.19095826
0.163459084,0.207948689
0.242925365,0.219318117
0.334918965,0.207962848
0.456873525,0.185252308
0.588815073,0.190915784
0.713229022,0.236223594
0.820165744,0.355383134
0.892148012,0.497281531
0.90171161,0.639208246
0.848875219,0.764130373
0.748644223,0.860692643
0.60351537,0.911847992
0.45093986,0.906226992
0.303407655,0.82676842
0.198363728,0.656425214
0.115815428,0.446267769
0.070743234,0.264569293
0.053129028,0.133927054
0.048004782,0.077122388
0.055339365,0.111074928
0.07017664,0.145041627
0.077504997,0.184615167
0.074846366,0.207155802
0.064709948,0.212706009
0.057088955,0.229738914
0.041990175,0.252506088
0.034418993,0.235558136
0.026841584,0.246941723
0.021767149,0.218581866
0.026673474,0.212890072
0.029076826,0.229894659
0.033958246,0.229852183
0.033839947,0.235416549
0.033715421,0.206844311
0.026119333,0.189641502
0.026025939,0.17820128
0.01844853,0.178243756
0.023373534,0.200996772
0.03077038,0.212380359
0.038117416,0.217973042
0.032912228,0.212125503
0.042525637,0.217647392
0.036971776,0.217576599
0.028653438,0.22318344
0.032526197,0.228747805
0.021113387,0.205754092
0.024394648,0.171263522
0.019936616,0.176318174
0.017807221,0.181160446
0.015640468,0.202766608
0.018591735,0.218298692
0.02179828,0.205088633
0.022844299,0.191680353
0.029269842,0.183949708
0.031063016,0.176388968
0.033142601,0.180551623
0.035446332,0.173783768
0.027893829,0.156057088
0.020397363,0.127385739
0.017931747,0.138755168
0.020459626,0.14457439
0.018000237,0.150379453
0.025484251,0.144673501
0.027987224,0.13884012
0.030515102,0.132865153
0.043023741,0.138231296
0.043079778,0.143625757
0.0356518,0.15474033
0.033242222,0.148878632
0.035838589,0.120292235
0.033478821,0.097369315
0.031156411,0.102891205
0.033821268,0.114175681
0.031523763,0.114161522
0.036747629,0.102848729
0.039480976,0.085844141
0.049710788,0.085900776
0.057437628,0.102961998
0.062667721,0.085971569
0.062879415,0.103089426
0.063078657,0.08618395
0.060768699,0.052245568
0.063433556,0.035382568
0.053614679,0.041258424
0.056285762,0.064209662
0.053969578,0.081511582
0.059156087,0.070411168
0.064342596,0.047983802
0.077056703,0.036954182
0.079746465,0.048620944
0.084883163,0.071628816
0.085032595,0.088874101
0.08017608,0.072039418
0.072797913,0.060839894
0.070419466,0.044047686
0.068047245,0.044260067
0.065706156,0.055841876
0.068371013,0.067480319
0.066042376,0.062085858
0.0736945,0.056677238
0.078831199,0.079727587
0.093973563,0.097071983
0.099097809,0.108696268
0.104209602,0.108852013
0.106818422,0.1089936
0.114426962,0.092116441
0.114539036,0.098034774
0.114644883,0.132397916
0.114763183,0.166789375
0.109881763,0.189783089
0.105019021,0.212776802
0.107665199,0.196012913
0.112808124,0.202072832
0.115423171,0.230871609
0.11554147,0.242580846
0.113138118,0.254205131
0.110728539,0.254417511
0.105803535,0.231905193
0.10338773,0.209506145
0.098481405,0.226907176
0.098543668,0.233037889
0.098630836,0.244789602
0.096239937,0.26221895
0.093830358,0.256951917
0.101426446,0.251769836
0.103997908,0.252336184
0.109053664,0.241533103
0.104109981,0.253327292
0.099166298,0.25368126
0.096719362,0.248343433
0.096794078,0.226071813
0.096856341,0.198221668
0.10192455,0.221541032
0.09948384,0.244888713
0.097049356,0.2681656
0.097124072,0.268675313
0.097205013,0.263578184
0.099782702,0.247097468
0.097341992,0.258990769
0.10237907,0.259486323
0.107397468,0.271238036
0.097410481,0.26599932
0.094895056,0.249433652
0.087404815,0.227218667
0.087404815,0.233434332
0.09742916,0.239649997
0.09749765,0.251500821
0.102559632,0.269043439
0.107621615,0.263903834
0.11015572,0.24740896
0.112689824,0.253582149
0.112696051,0.254077703
0.112708503,0.254445829
0.102740195,0.271776066
0.100262127,0.249391176
0.097802738,0.227062921
0.097846322,0.221739254
0.102908305,0.244817919
0.095517686,0.273531744
0.09567957,0.285113553
0.100859852,0.291046044
0.101059094,0.268547885
0.103723951,0.257320043
0.108860649,0.262997678
0.111481922,0.268562043
0.106594276,0.262785298
0.10419715,0.262714504
0.099321956,0.240003964
0.096931056,0.234340488
0.104527144,0.245695758
0.10214247,0.262672028
0.09726105,0.279662457
0.099844965,0.313728266
0.099894776,0.302302203
0.097416708,0.279506711
0.10486959,0.279350966
0.109831952,0.296213966
0.109782142,0.284688792
0.104726385,0.278897888
0.092136804,0.261822507
0.089527984,0.256144872
0.09192511,0.256130713
0.101818703,0.284533046
0.109234227,0.301594269
0.109165738,0.301594269
0.121562303,0.307271903
0.118990841,0.312907062
0.126369008,0.307101999
0.128747455,0.318273206
0.126107503,0.318131619
0.128473498,0.318046667
0.13580808,0.318004191
0.133143224,0.31228408
0.137974833,0.30654981
0.142837574,0.317805969
0.155203009,0.34040324
0.167593348,0.334640652
0.182480434,0.334527383
0.194852094,0.311618622
0.19975842,0.288681543
0.18975898,0.265730305
0.184865107,0.271209719
0.167686742,0.282451719
0.168209752,0.282310132
0.159050863,0.270827434
0.167705421,0.265022371
0.171671575,0.264965736
0.170924419,0.25951464
0.172885704,0.265801099
0.164897359,0.255422779
0.159281236,0.239635838
0.145894688,0.235430707
0.137140509,0.237016481
0.118013312,0.261312794
0.105984098,0.268406298
0.091209085,0.269425724
0.086203139,0.241533103
0.091072107,0.235912103
0.09340697,0.229937135
0.095754285,0.263592343
0.090636266,0.280313757
0.090555324,0.291442487
0.08800254,0.279917313
0.085437304,0.274069774
0.082847163,0.262502124
0.082703958,0.245285156
0.072517729,0.239550886
0.072274904,0.239480093
0.074491467,0.216712918
0.074205057,0.210879538
0.078937046,0.19366257
0.07869422,0.233250269
0.078482526,0.261454381
0.075742953,0.283995016
0.072997155,0.255337826
0.070207772,0.220889732
0.06989023,0.186399162
0.074528825,0.197329671
0.091620021,0.191326386
0.113704711,0.208132752
0.148260683,0.213612165
0.210274642,0.202072832
0.284797241,0.190547658
0.38428108,0.179050801
0.501242147,0.178994167
0.620693734,0.23010704
0.735139376,0.298097072
0.837101283,0.38300674
0.904108736,0.496290423
0.91869696,0.603953106
0.878375434,0.745794869
0.780672316,0.85931925
0.645567808,0.933015235
0.490532909,0.944228918
0.350528302,0.864572124
0.23301932,0.711120236
0.140508938,0.535000283
0.085468436,0.358894489
0.057898374,0.216755394
0.045308793,0.131265221
0.045209173,0.091210285
0.050109272,0.096633063
0.064996358,0.141855921
0.069927588,0.187121255
0.062356406,0.238050065
0.062294143,0.260576542
0.04979173,0.243416209
0.044798237,0.226312511
0.042282811,0.197867701
0.03725196,0.203446225
0.032214882,0.220238432
0.027165352,0.236945687
0.022097143,0.230914085
0.022016201,0.213612165
0.014463698,0.20198788
0.014432566,0.196069547
0.014432566,0.195786374
0.016954218,0.223933851
0.016991576,0.235105057
0.021985069,0.223565725
0.024382195,0.20641955
0.026642343,0.200572011
0.031193769,0.194597044
0.030496423,0.21129014
0.024500495,0.216642125
0.020683772,0.205003681
0.016524603,0.199000396
0.009600956,0.175681033
0,0.16339129
0.00033622,0.167766325
0.013249569,0.183199298
0.011443941,0.204125842
0.014986707,0.190944101
0.018934182,0.189145948
0.020758488,0.147788413
0.015397643,0.174859829
0.012788823,0.179631308
0.005304809,0.179164071
0.002870325,0.162003738
0.005416882,0.139293198
0.00794476,0.122217817
0.000466973,0.127768024
0.005516503,0.150294501
0.00562235,0.178456136
0.015764994,0.166874327
0.015964236,0.16663363
0.021213008,0.143639916
0.028964753,0.137693266
0.026717058,0.137509203
0.029444178,0.143101886
0.02964342,0.143073569
0.022346195,0.143087727
0.017533264,0.114685394
0.027731945,0.09763833
0.025471798,0.109078552
0.035732742,0.126267203
0.033509953,0.143512488
0.041261698,0.149360027
0.041516976,0.115365011
0.039250602,0.103981424
0.046952537,0.081285043
0.0471331,0.081327519
0.047313662,0.081454947
0.049972293,0.081624851
0.04763743,0.070439486
0.052836391,0.047884692
0.050563792,0.04239112
0.050800391,0.053972929
0.053521285,0.093985388
0.056229726,0.094211927
0.053944673,0.083026562
0.05665934,0.071756244
0.054374288,0.037690434
0.059573249,0.032041117
0.064747306,0.043537974
0.05990947,0.060825735
0.060052675,0.06109475
0.057711585,0.067055559
0.062866963,0.050263352
0.068016114,0.044925525
0.070705876,0.079288667
0.073439222,0.079571841
0.07613521,0.079784222
0.066341239,0.079925808
0.071502842,0.051636745
0.069174206,0.040423062
0.069342316,0.057682506
0.074491467,0.069278473
0.079646844,0.080931075
0.089795715,0.092597837
0.092454346,0.098558645
0.102621895,0.110239565
0.105305431,0.144687659
0.105485994,0.18479923
0.108125946,0.190844991
0.100772684,0.185436371
0.113405849,0.185691227
0.108543108,0.16889902
0.111151928,0.197627003
0.103755082,0.215084669
0.103836024,0.215551906
0.096445405,0.221696777
0.104035266,0.210780427
0.104122434,0.239607521
0.104240734,0.27984652
0.109352527,0.286019709
0.106967854,0.286458628
0.099571008,0.264144532
0.10214247,0.264470182
0.099726665,0.247805403
0.087323874,0.270940703
0.087411042,0.260038512
0.087479531,0.266211701
0.087566699,0.261100413
0.090175519,0.250283174
0.097784059,0.267825791
0.097914812,0.291074361
0.093052071,0.308673614
0.090686076,0.292164581
0.098275937,0.275584754
0.100828721,0.247550547
0.095878811,0.236520927
0.095928622,0.231211418
0.08601635,0.237313813
0.081116251,0.243458685
0.083687714,0.238219969
0.076290868,0.23864473
0.088855544,0.261780031
0.093923753,0.284915331
0.103985455,0.296667044
0.101550972,0.291329218
0.106612954,0.27455117
0.106693896,0.263365804
0.111762105,0.252152121
0.10185606,0.27497593
0.091962468,0.275131676
0.084609206,0.275329897
0.084777316,0.264158691
0.089994957,0.258665119
0.097759154,0.281517245
0.100554763,0.298649261
0.105797309,0.298734213
0.106021456,0.276108625
0.108692539,0.27616526
0.108848197,0.247805403
0.106494655,0.253454721
0.109159512,0.270459308
0.104359033,0.276108625
0.092068315,0.264725038
0.087280289,0.259061562
0.084970332,0.276080308
0.097640854,0.281729626
0.097777833,0.287336467
0.100380427,0.281630515
0.110429677,0.27033188
0.105454862,0.259033245
0.110423451,0.259019086
0.110386093,0.253185705
0.107889346,0.264413547
0.097902359,0.25291669
0.095405612,0.247224897
0.092896413,0.247267373
0.090380987,0.264356912
0.092859055,0.287124087
0.092852829,0.309862944
0.105305431,0.315554737
0.112770766,0.287124087
0.122689264,0.275726341
0.130104789,0.281304865
0.127533326,0.292461913
0.122471343,0.297955485
0.117409361,0.303406581
0.109850631,0.314719375
0.122265876,0.31477601
0.124687907,0.326272866
0.134600178,0.354689358
0.144518676,0.360267882
0.151946653,0.360126296
0.169361617,0.342980121
0.176808274,0.314464518
0.18930446,0.308673614
0.18691356,0.297162598
0.18719997,0.296950218
0.185176422,0.285368409
0.178408433,0.256739537
0.18691356,0.233830775
0.18322759,0.273503426
0.189815017,0.284971966
0.189173708,0.296638727
0.186209988,0.280214646
0.180793106,0.258410262
0.170270657,0.248300957
0.15700241,0.272512318
0.143391715,0.274168885
0.131879284,0.281531404
0.125024127,0.271648638
0.115360908,0.261482698
0.110467035,0.250891998
0.10044269,0.273942346
0.092852829,0.296596251
0.087734809,0.302004871
0.087610283,0.284617999
0.084989011,0.267216968
0.079902123,0.244237413
0.089808168,0.244039191
0.084708827,0.243954239
0.07960326,0.226822223
0.071976041,0.209605256
0.071795478,0.215098828
0.076571051,0.2262134
0.081340398,0.254346718
0.083594319,0.265517925
0.088320082,0.282366767
0.093008486,0.259500481
0.082691505,0.259358894
0.074846366,0.236450133
0.064454669,0.236181118
0.064037507,0.218850881
0.066117092,0.212932548
0.085686356,0.195729739
0.125242047,0.184275358
0.179809351,0.189853882
0.2593628,0.206759359
0.363914849,0.206617772
0.475957138,0.206518661
0.605451749,0.21215382
0.739939854,0.246177154
0.851938559,0.34828963
0.928970357,0.45599479
0.961060713,0.592031489
0.925757585,0.722433029
0.82562621,0.818867871
0.683093725,0.852933681
0.515656034,0.824474713
0.358261368,0.739239395
0.23335554,0.602806252
0.128405008,0.438055729
0.078382905,0.273319363
0.058303084,0.148326443
0.060681531,0.091493459
0.075556164,0.102678824
0.087946504,0.159214476
0.085331457,0.198788016
0.070257582,0.227034604
0.05519616,0.227020445
0.040165869,0.232613128
0.025135578,0.232514017
0.022626378,0.23237243
0.027638551,0.232245002
0.035135017,0.22642578
0.042625258,0.226298352
0.040116058,0.231806083
0.047581393,0.225958543
0.040053795,0.231395481
0.032563555,0.21982783
0.017576848,0.202653339
0.01504897,0.191255593
0.017439869,0.208246021
0.014725202,0.225250609
0.021829412,0.242141927
0.023697302,0.242042816
0.03526577,0.236251911
0.034026736,0.213385626
0.037438749,0.213088294
0.033030528,0.206872628
0.020864335,0.206065583
0.013579563,0.193549301
0.011350547,0.163731098
0.009383036,0.15646769
0.007801555,0.17192898
0.004190301,0.187446905
0.001008661,0.197485417
0.003194092,0.202200261
0.010609617,0.212946707
0.018149668,0.189924676
0.025739529,0.167086708
0.030807738,0.161366597
0.02583915,0.149954692
0.025814245,0.149855581
0.025820471,0.121226709
0.015852163,0.137933964
0.003443145,0.154669536
0.00856739,0.177082743
0.008741727,0.188183157
0.011419036,0.182278983
0.011599599,0.170683015
0.021754696,0.142025825
0.026910074,0.147406128
0.029562478,0.141374526
0.034724081,0.129707765
0.037395165,0.123789432
0.032582234,0.112264258
0.030303408,0.08942629
0.03304298,0.095075607
0.038291752,0.112179306
0.038553257,0.12932548
0.031318295,0.112391686
0.039107397,0.112533273
0.051883767,0.095542844
0.05218263,0.089936003
0.057437628,0.08434332
0.05519616,0.090134224
0.05541408,0.078920541
0.06314092,0.0676927
0.0558686,0.050886334
0.058601946,0.056903778
0.056348025,0.074318967
0.061584345,0.091734156
0.064330143,0.097779917
0.059573249,0.075423345
0.067306315,0.064351249
0.06251829,0.070312058
0.065220504,0.070538597
0.060426253,0.076527723
0.050613602,0.076853373
0.045794445,0.065809594
0.048477981,0.05482245
0.053670716,0.060939004
0.053857505,0.067182987
0.061534534,0.090431557
0.066739722,0.113651809
0.069441937,0.119725888
0.069647405,0.103018633
0.069827967,0.108951124
0.069971172,0.109234298
0.077585939,0.1208869
0.082691505,0.132596138
0.08527542,0.138599422
0.09539316,0.133318231
0.098045564,0.156524325
0.100735326,0.179815371
0.100903436,0.214504163
0.103593198,0.249178796
0.103779987,0.25540862
0.10646975,0.261553492
0.106612954,0.256399728
0.101731534,0.262629552
0.101800024,0.263210058
0.09436582,0.263719771
0.086950295,0.258580167
0.08204397,0.253497197
0.092105673,0.237143909
0.097192561,0.243543637
0.099795155,0.266905477
0.1074286,0.278883729
0.102603217,0.29076287
0.10027458,0.285594948
0.092977355,0.286175454
0.090630039,0.281078326
0.085742393,0.27021861
0.083320362,0.270714164
0.075886158,0.259911083
0.080948141,0.271875177
0.08352583,0.255521889
0.081116251,0.244817919
0.086221818,0.25107606
0.088811959,0.279917313
0.08891158,0.308730249
0.078999309,0.29206547
0.081545866,0.292419437
0.084048839,0.275683865
0.084036387,0.270246928
0.086495775,0.27616526
0.083949218,0.265036529
0.076415394,0.271053973
0.083874503,0.265758623
0.081377756,0.271804384
0.088905354,0.266381605
0.091476816,0.289304525
0.094085637,0.306563969
0.09170719,0.295421079
0.096787851,0.29563346
0.096875019,0.261794189
0.096931056,0.250679617
0.097018224,0.239550886
0.094608646,0.256866965
0.089733452,0.274282154
0.087392363,0.25767401
0.092566419,0.25811293
0.102796232,0.258523532
0.103070189,0.270176134
0.100872305,0.293198165
0.091165501,0.304808291
0.091433232,0.299399672
0.091694737,0.2939061
0.091931336,0.27692983
0.094689588,0.27692983
0.094944866,0.271365464
0.092703398,0.277241321
0.090468156,0.271832701
0.088232913,0.260732287
0.093469233,0.266565668
0.096190126,0.278048366
0.098867436,0.289601858
0.104016587,0.289814238
0.099116488,0.295746729
0.106662765,0.256187348
0.104190923,0.250622982
0.104178471,0.245044458
0.101631914,0.262261426
0.099060451,0.262530441
0.098973283,0.257206774
0.10391074,0.268845217
0.106357676,0.27476355
0.106301639,0.2919522
0.108798386,0.297757263
0.111288907,0.326287025
0.108754802,0.343390723
0.121170047,0.326357818
0.133554159,0.320694342
0.130976471,0.332077929
0.133392276,0.320850088
0.138304827,0.338095373
0.148223325,0.321388118
0.158166728,0.298904117
0.160626117,0.310500085
0.18055028,0.333352212
0.185462832,0.34483491
0.18789109,0.350597497
0.182816654,0.333635385
0.182785523,0.293934417
0.172867025,0.276887353
0.168054094,0.28255083
0.160943658,0.282536671
0.161584967,0.28255083
0.16750618,0.265588718
0.166267146,0.254318401
0.172867025,0.265871892
0.174753594,0.277637764
0.169355391,0.28968681
0.166516198,0.2794076
0.148621808,0.258084612
0.132975113,0.248343433
0.114451868,0.267018746
0.09800198,0.268547885
0.088650076,0.269864643
0.091458137,0.270855751
0.089004975,0.271450416
0.088924033,0.271691114
0.091296254,0.243175511
0.088662528,0.265560401
0.086059934,0.276590021
0.088475739,0.25368126
0.083382625,0.264965736
0.078227248,0.242226879
0.075518807,0.259217308
0.075244849,0.26480999
0.064934095,0.259089879
0.059591928,0.247692133
0.061746228,0.253426403
0.066384823,0.253511355
0.07103587,0.270629212
0.068196676,0.270770799
0.067885361,0.270841593
0.062549421,0.242566687
0.062188296,0.225604576
0.081763787,0.202978989
0.108817065,0.220026052
0.160850264,0.220054369
0.227876395,0.231494591
0.322391647,0.203219686
0.444402244,0.186356686
0.573946666,0.203601971
0.711000006,0.260562383
0.845606411,0.357237923
0.95025808,0.453856827
1,0.573186272
0.97234277,0.675454494
0.86730507,0.749263748
0.714835408,0.78330124
0.529932943,0.760604859
0.355061049,0.669805176
0.207647143,0.516636461
0.110193078,0.340828
0.065189373,0.216160729
0.050165308,0.153890808
0.055115218,0.13699949
0.07505806,0.142747919
0.09249793,0.165500934
0.084957879,0.205286855
0.084914295,0.233646712
0.064896737,0.256343093
0.044835595,0.256343093
0.029786625,0.239380982
0.017246854,0.228167299
0.022215442,0.205640822
0.02469351,0.205867361
0.02720271,0.234411282
0.034717855,0.268646996
0.034686724,0.263125106
0.042083569,0.24621963
0.041878101,0.223579883
0.036479898,0.217944724
0.028335896,0.212252931
0.02242091,0.21226709
0.021200555,0.20091182
0.014638034,0.200869344
0.007757971,0.183553265
0.003194092,0.205654981
0.001095829,0.22166846
0.006624784,0.231664496
0.007465335,0.218723452
0.013672957,0.211431727
0.012795049,0.204239112
0.01981209,0.191680353
0.012135061,0.185139038
0.014631808,0.173373166
0.012240908,0.173302373
0.002403352,0.15646769
0.010018119,0.16241434
0.00511802,0.173868721
0.007683256,0.196522626
0.007733066,0.207750467
0.010298302,0.179220706
0.020353778,0.167738008
0.022931467,0.161961262
0.025502929,0.156184516
0.02060283,0.150379453
0.020714904,0.116228691
0.018336457,0.110451945
0.015976689,0.104788469
0.021119613,0.121934643
0.01629423,0.1390525
0.026455554,0.161791358
0.031635836,0.156170357
0.034331824,0.156212833
0.042046212,0.127952087
0.044779558,0.139406468
0.040022664,0.133827944
0.035271996,0.116795039
0.030515102,0.094197769
0.038235715,0.071685451
0.033472595,0.060684148
0.036205941,0.072520813
0.038945514,0.095684431
0.049194005,0.096109192
0.051964709,0.085136207
0.06223188,0.074219856
0.067505557,0.09169168
0.065270315,0.075097695
0.067991208,0.07547998
0.07568069,0.058815201
0.073401864,0.042136263
0.068626291,0.048238659
0.056348025,0.060103642
0.046578959,0.072025259
0.044300133,0.083946877
0.037040265,0.073143796
0.049748146,0.079401937
0.054953334,0.1027213
0.062636589,0.09763833
0.067804419,0.09255536
0.075450317,0.076003851
0.070618708,0.053774707
0.070780591,0.059877103
0.070930023,0.077320609
0.073588653,0.117531291
0.07625351,0.129481226
0.086396155,0.147207906
0.0940296,0.164892111
0.101663045,0.17689868
0.10680597,0.194611202
0.114426962,0.195262502
0.117079367,0.2186385
0.117210119,0.196494308
0.112322473,0.202752449
0.112440772,0.214716543
0.105062605,0.232414906
0.100187412,0.238772158
0.092827924,0.239522569
0.087977635,0.257362519
0.09561108,0.263818882
0.090767018,0.264611769
0.09589749,0.271053973
0.096028243,0.27746786
0.098630836,0.266721414
0.09623371,0.256003285
0.091321159,0.245327632
0.088899128,0.240301297
0.081508508,0.235331597
0.076639541,0.253072436
0.079260814,0.242453418
0.084378833,0.254559098
0.089478174,0.24967435
0.089584021,0.273177777
0.092186615,0.296695362
0.089789489,0.297431614
0.087404815,0.292433596
0.09249793,0.270346038
0.087579152,0.253964433
0.082641695,0.243260463
0.082672827,0.260930509
0.077710465,0.261553492
0.080244569,0.256456363
0.075288433,0.251359234
0.087821978,0.240612788
0.095349576,0.258197882
0.097902359,0.275698023
0.10793293,0.270430991
0.112957555,0.259415529
0.115466755,0.248371751
0.115454302,0.220224274
0.102951889,0.231848559
0.097958396,0.232145891
0.095474102,0.243798494
0.083021499,0.255521889
0.080568337,0.250184063
0.088114614,0.261935776
0.09317037,0.273758283
0.105753725,0.274197202
0.10338773,0.280285439
0.108493297,0.269326613
0.111102118,0.246927564
0.111245322,0.218879198
0.106407487,0.236280229
0.094122994,0.230942402
0.091837942,0.248357592
0.094608646,0.254474146
0.089920241,0.254884748
0.097734249,0.255366144
0.098045564,0.250141587
0.098350653,0.261879141
0.108592918,0.267910744
0.108823291,0.28525514
0.109016307,0.274168885
0.106712575,0.251713202
0.104427523,0.251968058
0.099633271,0.240839327
0.099851191,0.258127088
0.095081845,0.25270431
0.102796232,0.235982896
0.09800198,0.241943705
0.09817009,0.247876196
0.108287829,0.270827434
0.110853066,0.288157671
0.110877971,0.28838421
0.115840333,0.282918956
0.118318401,0.277425384
0.118287269,0.254913066
0.115759391,0.277864303
0.123230952,0.300801382
0.125696567,0.312425667
0.128155956,0.318414793
0.133112092,0.307328538
0.143067948,0.318981141
0.148024083,0.324913632
0.157973713,0.347879028
0.162936075,0.33110098
0.170345373,0.331270884
0.172736273,0.291654868
0.185114159,0.274791867
0.187505059,0.27497593
0.184908691,0.258282834
0.179803124,0.281347341
0.184696997,0.27033188
0.184597376,0.276264371
0.184503982,0.253737894
0.186975823,0.270912386
0.184522661,0.282465878
0.177219209,0.276958147
0.175077362,0.282805686
0.165663194,0.260109305
0.161547609,0.237384607
0.15523414,0.226071813
0.14178533,0.237653622
0.138659726,0.255210398
0.123324347,0.255974967
0.120603453,0.257022711
0.11532355,0.258353627
0.114769409,0.265532084
0.106357676,0.267117857
0.087504436,0.274310472
0.088183103,0.252860056
0.080997952,0.230956561
0.081029083,0.225647052
0.080935689,0.225689528
0.088276498,0.2199411
0.088139519,0.242552529
0.085530699,0.242410942
0.090455703,0.242311831
0.087878014,0.242269355
0.077810085,0.253638783
0.082654148,0.265093164
0.079951933,0.25951464
0.074690708,0.242552529
0.064392406,0.219870306
0.061590571,0.191411338
0.058757604,0.191354704
0.058402705,0.191411338
0.083021499,0.19160956
0.112621335,0.191878575
0.159729529,0.209180495
0.234320617,0.209364558
0.331369973,0.209520304
0.440884384,0.203970097
0.565360596,0.226808065
0.704823515,0.260972985
0.824306234,0.340530668
0.903841005,0.471116271
0.9284598,0.618791414
0.873226282,0.749504446
0.75561768,0.834853033
0.603098207,0.852126635
0.440647784,0.801282777
0.285712507,0.665231919
0.163259842,0.512077363
0.090723434,0.33618395
0.045657466,0.217052727
0.033049206,0.126323838
0.045395962,0.103641615
0.052774128,0.149190123
0.070151735,0.200402107
0.072555087,0.234637821
0.067486878,0.240527836
0.062437348,0.240726058
0.047431962,0.229540692
0.044941442,0.218327009
0.039954174,0.218482755
0.037457428,0.20718412
0.034954455,0.218496913
0.034929549,0.195743898
0.034885965,0.178668517
0.029836435,0.195701422
0.027271199,0.201435691
0.0222528,0.195814691
0.017271759,0.201591437
0.01481237,0.179008325
0.014893312,0.201902928
0.017483454,0.207821261
0.025048409,0.242113609
0.030073035,0.219516339
0.035010491,0.208161069
0.034867286,0.179702101
0.034568424,0.162612562
0.031598478,0.179673784
0.025901413,0.196848275
0.019949069,0.208359291
0.011194889,0.191368862
0.009663219,0.191142323
0.00789495,0.190689245
0.013455037,0.206900946
0.016505924,0.205725774
0.017184591,0.192756414
0.020584152,0.16814861
0.026773095,0.154768647
0.02827986,0.141501954
0.022601473,0.151243133
0.014725202,0.150096279
0.009538693,0.138061392
0.012022988,0.120773631
0.014600676,0.115209265
0.019712469,0.115407487
0.019824543,0.149713994
0.022433363,0.161210851
0.024992373,0.166817693
0.027545156,0.16101263
0.027613646,0.14380982
0.027713266,0.120971853
0.032849965,0.109517472
0.028049487,0.109574107
0.030776607,0.109729852
0.031044337,0.081511582
0.038827214,0.087401597
0.031654515,0.087571501
0.039474749,0.116214532
0.042295264,0.116412754
0.045097099,0.09959223
0.045383509,0.082800023
0.050638507,0.071628816
0.048390812,0.066149403
0.046136891,0.060684148
0.04388297,0.060995639
0.046634996,0.055657813
0.051877541,0.033272923
0.054635793,0.033655208
0.06489051,0.073780937
0.06517692,0.079855015
0.067953851,0.080223141
0.068202903,0.074899473
0.063433556,0.052500425
0.063639024,0.052712805
0.063838266,0.052953503
0.06154076,0.070241264
0.059249482,0.064903438
0.059436271,0.059565611
0.059629286,0.048606785
0.062337727,0.060429291
0.060058901,0.083592909
0.065282767,0.10110721
0.073009607,0.095882653
0.0782397,0.090587302
0.085922956,0.085263635
0.091103238,0.096930396
0.091258896,0.125658379
0.093898848,0.137367616
0.094054505,0.12640879
0.094235068,0.15516509
0.094459215,0.149912216
0.097186335,0.167426516
0.102447559,0.190604293
0.107721236,0.219473863
0.115472981,0.248343433
0.11821878,0.231706972
0.115933727,0.232075098
0.113636222,0.238120859
0.106314092,0.227147873
0.10396055,0.244633856
0.101588329,0.250764569
0.096738041,0.239919012
0.094403178,0.234779408
0.09460242,0.241065866
0.099795155,0.258721753
0.102534727,0.282097752
0.095281086,0.288426686
0.100504953,0.260548225
0.093220181,0.249730985
0.090885318,0.244563063
0.086022577,0.245086934
0.078656862,0.268349663
0.073787895,0.24621963
0.073918647,0.241080025
0.076571051,0.230276944
0.086738601,0.22523645
0.091950015,0.248640766
0.099670629,0.266409922
0.099882323,0.272738857
0.097566139,0.256258141
0.100224769,0.256753695
0.097865001,0.257263408
0.095499007,0.269156708
0.08812084,0.258367786
0.093257538,0.25886334
0.085904277,0.248003625
0.083550735,0.242835703
0.088712339,0.237724415
0.088867996,0.266721414
0.101482482,0.272979555
0.099110262,0.28481622
0.101719082,0.279535029
0.101812476,0.262771139
0.099384219,0.240400408
0.101961907,0.246417851
0.102036623,0.241051708
0.104620538,0.235657246
0.097229919,0.235897944
0.094876377,0.230489324
0.092560193,0.247890355
0.09027514,0.253950275
0.100498727,0.282678258
0.105753725,0.288681543
0.108530655,0.277524495
0.113829237,0.272030923
0.116624847,0.226793906
0.119408003,0.221229541
0.114682241,0.227034604
0.109968931,0.232783032
0.107758594,0.24426573
0.100567216,0.238715524
0.100872305,0.233207793
0.096196353,0.244775443
0.096495215,0.2562723
0.104290544,0.290493855
0.104576954,0.284901172
0.114819219,0.27930849
0.11003742,0.26233222
0.110193078,0.239664156
0.105349015,0.239706632
0.102958116,0.245440902
0.100567216,0.234156425
0.103163584,0.239975647
0.098282164,0.24015971
0.095860132,0.245978932
0.098394237,0.257504106
0.100940794,0.285963074
0.113455659,0.285991392
0.118467832,0.291697344
0.125964298,0.274692756
0.125976751,0.269000963
0.135969964,0.291711503
0.135957512,0.297389137
0.133460765,0.314464518
0.133479444,0.320212947
0.140963458,0.308985105
0.143466431,0.309126692
0.153453418,0.303534009
0.158453138,0.309239961
0.160931206,0.326244549
0.175886781,0.320510279
0.185842636,0.303463216
0.190792546,0.2807102
0.195804718,0.246559438
0.190898393,0.229399105
0.183601168,0.240683582
0.183980972,0.24631874
0.184616055,0.252010534
0.188028068,0.251996375
0.186770355,0.25205301
0.185873768,0.263535708
0.182754391,0.275174152
0.177331283,0.275797134
0.162002129,0.265432973
0.154032464,0.255366144
0.140789121,0.222801155
0.127159748,0.212989183
0.118106706,0.225788639
0.116176553,0.243954239
0.116413152,0.250396443
0.116487868,0.245044458
0.113947537,0.239352665
0.108866875,0.256130713
0.106307866,0.221739254
0.096271068,0.238573937
0.096264842,0.238531461
0.088762149,0.232853826
0.083731298,0.21010081
0.081178514,0.210044175
0.071079454,0.215651017
0.073451675,0.204239112
0.070817949,0.238234128
0.07314036,0.243798494
0.077959517,0.23799343
0.082772447,0.232145891
0.092560193,0.231933511
0.09232982,0.226085972
0.084578075,0.248626607
0.074285999,0.225661211
0.066459538,0.214065243
0.056130105,0.162754148
0.053278459,0.151313926
0.055445212,0.151299768
0.067623857,0.179801212
0.097304634,0.202540069
0.139506503,0.208175228
0.196682627,0.191043212
0.268864136,0.168205244
0.363516366,0.145466387
0.47563337,0.139788752
0.600234109,0.173868721
0.717338381,0.270346038
0.817009009,0.378164467
0.879259568,0.508721753
0.886643961,0.650690944
0.844137004,0.809678881
0.751726242,0.90614204
0.629391877,0.962776802
0.492108163,0.92852693
0.359817943,0.820524438
0.237496031,0.644446962
0.152594188,0.445644787
0.092653587,0.280880104
0.060170974,0.155802231
0.052680734,0.115846407
0.060214558,0.092951804
0.067760835,0.115605709
0.082822258,0.178059693
0.085406173,0.206476185
0.080499847,0.240499519
0.070593802,0.263139265
0.055688037,0.263025995
0.045763313,0.217463329
0.038297978,0.194611202
0.03083887,0.20014725
0.025895186,0.199906553
0.023498061,0.216769553
0.021088482,0.205301014
0.023691076,0.205286855
0.026256312,0.205301014
0.033746552,0.205216062
0.036118773,0.244803761
0.035832363,0.244633856
0.030340765,0.238800476
0.024562758,0.215976666
0.025932544,0.210171603
0.021985069,0.21550943
0.020247931,0.197740273
0.015821031,0.202341847
0.0088538,0.183963867
0.006961005,0.182335618
0.012782596,0.174817353
0.01890305,0.184176247
0.017888163,0.216231523
0.014750107,0.220068528
0.016947992,0.201591437
0.019394928,0.177946424
0.031972056,0.171773234
0.029637193,0.17160333
0.024799357,0.165883219
0.019924164,0.171589171
0.012521092,0.154499632
0.015105007,0.143073569
0.010223586,0.154273093
0.022856751,0.15408903
0.02555274,0.1879283
0.033285806,0.17636065
0.041037551,0.164849635
0.031349426,0.142039984
0.034145035,0.141926715
0.024463137,0.13624908
0.024755773,0.130543127
0.020061142,0.130571445
0.020360005,0.113623492
0.030670759,0.10239565
0.036012926,0.108313983
0.038877024,0.131265221
0.039250602,0.131505918
0.049604941,0.137424251
0.047450641,0.120589568
0.052780355,0.115095996
0.053097896,0.103953106
0.050900012,0.104123011
0.04866477,0.075918899
0.04644198,0.076117121
0.034244656,0.047969644
0.039518333,0.031205754
0.042282811,0.05990542
0.047581393,0.06585207
0.052879976,0.071827037
0.063153372,0.083451322
0.06842705,0.078042703
0.063682608,0.066956448
0.068906475,0.084187574
0.059137408,0.073044685
0.049368342,0.050546525
0.0446239,0.033754318
0.039867006,0.034009175
0.047618751,0.057101999
0.057873469,0.074474713
0.06314092,0.097496744
0.068414597,0.080831965
0.071185301,0.086877726
0.073937326,0.070198788
0.069155527,0.081837232
0.066870474,0.08779804
0.06455429,0.088038738
0.064734853,0.088336071
0.072436787,0.088661721
0.082635469,0.100441751
0.090380987,0.134932321
0.098101601,0.163787733
0.105840893,0.192600668
0.113580185,0.187347794
0.116319758,0.210468936
0.121556077,0.233604236
0.11929593,0.251033584
0.119526303,0.257079345
0.112229078,0.257447471
0.102416427,0.223749788
0.100112696,0.241249929
0.095293539,0.241759642
0.093008486,0.248003625
0.088232913,0.259967718
0.09096626,0.249164637
0.096196353,0.249745144
0.098929699,0.261595968
0.101675498,0.279096109
0.101899644,0.29087614
0.099602139,0.274282154
0.094782982,0.252038851
0.094926187,0.252520247
0.087585378,0.247338166
0.08771613,0.270586736
0.082853389,0.27119556
0.0805123,0.277538653
0.08817065,0.255465255
0.098350653,0.256102396
0.106033908,0.273729965
0.103723951,0.291258424
0.103892061,0.286076344
0.099054225,0.280851787
0.09419771,0.252874214
0.086831996,0.24200034
0.091918884,0.25951464
0.08699388,0.254332559
0.082068875,0.27184686
0.082143591,0.266735572
0.087230479,0.261638444
0.09232982,0.26221895
0.097447839,0.274083933
0.100069112,0.291541598
0.105193358,0.291938042
0.105311658,0.275259104
0.095418065,0.264243643
0.095499007,0.253228181
0.095604854,0.25918899
0.095710701,0.27649091
0.088351213,0.282409243
0.08852555,0.282664099
0.088724791,0.265956844
0.08898007,0.249249589
0.09424752,0.26091635
0.094552609,0.278189953
0.097348218,0.295321969
0.102646801,0.289630175
0.102926984,0.278246588
0.098213674,0.255550207
0.096009564,0.261312794
0.09130248,0.25573427
0.086601623,0.261525174
0.096868793,0.278685507
0.099639497,0.273177777
0.092404535,0.273361839
0.090119483,0.284901172
0.085312778,0.285042759
0.087940277,0.285056918
0.093027165,0.273645013
0.085599188,0.262247267
0.095648438,0.256583791
0.088220461,0.256640426
0.090791923,0.273758283
0.095853906,0.279492553
0.098412916,0.28525514
0.100971926,0.279634139
0.101003057,0.268363822
0.106009003,0.285495837
0.11099627,0.308248853
0.113468112,0.313884012
0.120920994,0.308121425
0.123355478,0.291046044
0.123299442,0.296652886
0.135720912,0.302401314
0.133168129,0.319490853
0.135621291,0.313855695
0.143086627,0.313898171
0.150601772,0.313926488
0.160619891,0.319646599
0.17312853,0.348133885
0.18061877,0.348204678
0.180593865,0.314138868
0.185518869,0.285580789
0.177935234,0.262672028
0.175345093,0.245483378
0.17028311,0.256796171
0.160314802,0.273829076
0.162942301,0.268123124
0.153229271,0.262374696
0.151193271,0.239536728
0.151890616,0.245086934
0.147874652,0.250665458
0.144170003,0.256314776
0.128261804,0.262148157
0.117589923,0.25118933
0.102061528,0.246205471
0.091545306,0.25291669
0.083451114,0.27140794
0.075132776,0.284476412
0.071509069,0.291994676
0.075033155,0.259684544
0.078233474,0.249830096
0.083631677,0.256626267
0.081315493,0.257263408
0.086340118,0.263096789
0.078781388,0.274296313
0.066198034,0.262643711
0.061117372,0.245228521
0.053539964,0.23356176
0.053490153,0.227742538
0.055937089,0.250396443
0.058346668,0.244690491
0.060737568,0.238998697
0.070593802,0.238998697
0.080437584,0.238871269
0.080269474,0.238715524
0.07256754,0.249915048
0.059859659,0.227048763
0.057101408,0.204182477
0.056796319,0.192600668
0.0739311,0.181061335
0.103543388,0.203658606
0.153110971,0.214914765
0.222658755,0.209279606
0.304696499,0.198009288
0.416695204,0.175355383
0.55116463,0.181089653
0.68316844,0.260647335
0.802688517,0.396981367
0.882254419,0.533230447
0.909407318,0.680749844
0.876638295,0.799881067
0.78894707,0.884988956
0.668835495,0.941736988
0.521309516,0.924760718
0.371330374,0.856756527
0.233847418,0.697896019
0.131343823,0.510604859
0.071316053,0.328920541
0.04378335,0.192671462
0.04622406,0.130245795
0.063657703,0.11321289
0.073594879,0.169960922
0.078551015,0.192600668
0.076016911,0.220889732
0.065980113,0.226524891
0.053452795,0.237851843
0.040931704,0.243600272
0.033416558,0.249320383
0.020939051,0.237950954
0.020939051,0.232202526
0.018454757,0.215112986
0.023435797,0.220733987
0.023410892,0.214971399
0.028360802,0.21485813
0.023323724,0.226001019
0.020808298,0.208741576
0.015821031,0.191552925
0.010858669,0.19149629
0.010914706,0.197188084
0.013504847,0.202894036
0.013598242,0.225632893
0.018641546,0.219955259
0.021119613,0.225576259
0.03344769,0.214192671
0.02811175,0.214079402
0.027514025,0.213966132
0.031586026,0.225094863
0.027844019,0.213399785
0.01629423,0.201605596
0.006967231,0.178158804
0.009949629,0.182703744
0.005435561,0.181217081
0.008573617,0.202030356
0.009482657,0.205612505
0.013274474,0.192232542
0.014955575,0.178980008
0.011979403,0.160375488
0.02174847,0.176219063
0.019201913,0.141402843
0.016773655,0.163830209
0.011910914,0.158152574
0.01203544,0.135626097
0.012141287,0.135711049
0.017209496,0.152758113
0.027277425,0.169621113
0.032358087,0.169380416
0.037444975,0.174789036
0.035035397,0.146174322
0.027644777,0.128929037
0.027769303,0.117389704
0.022931467,0.122883276
0.030620949,0.117120689
0.025832923,0.128433482
0.026069523,0.11148553
0.026318575,0.094565895
0.029083053,0.094749958
0.031859983,0.10066829
0.037152339,0.106586623
0.044953894,0.106855638
0.050240024,0.101475336
0.040514542,0.078977176
0.045744634,0.067876763
0.040969062,0.073752619
0.043652597,0.062595571
0.038839667,0.074219856
0.044019949,0.057455966
0.046691032,0.046412188
0.044381075,0.05244379
0.04957381,0.075536614
0.054797676,0.075890582
0.06251829,0.076187914
0.067723478,0.065087501
0.065425972,0.053987087
0.068084603,0.048578467
0.068240261,0.031885371
0.065861813,0.043523815
0.06098662,0.049498782
0.061129825,0.044076004
0.056316894,0.044373336
0.05900043,0.061816843
0.061683965,0.06228408
0.064361275,0.085461856
0.069516652,0.091564252
0.07716255,0.069179362
0.084802222,0.069462536
0.092441893,0.069788186
0.095075618,0.087118423
0.095187692,0.081780597
0.100280806,0.076371977
0.100386653,0.082318627
0.100498727,0.094013706
0.100629479,0.122812482
0.108250472,0.157430481
0.113380944,0.180693209
0.12099571,0.203899303
0.126095051,0.20998754
0.123710377,0.221696777
0.126337876,0.227770856
0.126456176,0.233901569
0.114065837,0.234382964
0.106662765,0.223523249
0.099253466,0.218256216
0.101818703,0.207339865
0.094409404,0.21355553
0.10197436,0.23691737
0.094577514,0.266013479
0.097192561,0.283711842
0.097310861,0.272979555
0.092416988,0.250764569
0.097491423,0.245610806
0.092541514,0.240471201
0.09505694,0.246701025
0.092610003,0.241646373
0.092659814,0.236549244
0.092684719,0.225788639
0.09271585,0.232131732
0.100230996,0.249830096
0.10027458,0.267556776
0.102802458,0.273885711
0.10032439,0.268788582
0.100361748,0.257943025
0.095386933,0.241419833
0.095411839,0.24762134
0.092921318,0.25389364
0.090418345,0.2318344
0.092921318,0.238163335
0.100436464,0.233080365
0.100486274,0.250750411
0.10305151,0.262813615
0.105616746,0.280582772
0.105685236,0.269977912
0.105747499,0.270643371
0.10577863,0.248541655
0.105815988,0.260449114
0.10582844,0.260972985
0.103356599,0.255805063
0.093394517,0.26200657
0.090935128,0.251118537
0.085991445,0.251585773
0.086078613,0.240726058
0.088706112,0.258212041
0.096339558,0.275613071
0.103997908,0.275896245
0.106650312,0.259104038
0.109290264,0.242184403
0.104421296,0.247961149
0.102024171,0.265064847
0.102123791,0.265093164
0.099695534,0.265192275
0.099776476,0.242580846
0.099851191,0.225689528
0.099925907,0.231522909
0.104994116,0.254389194
0.107540673,0.265886051
0.115062045,0.277368749
0.115055819,0.283159653
0.102528501,0.271960129
0.099969491,0.266452398
0.097373124,0.27227162
0.097254824,0.272399049
0.094658456,0.266792207
0.092062089,0.244138302
0.096949735,0.238573937
0.096837662,0.267047063
0.104222055,0.267132016
0.109097249,0.28427819
0.111444564,0.295718412
0.118779147,0.290125729
0.118611037,0.284504729
0.120933447,0.278855411
0.13075855,0.301608427
0.128093693,0.318655491
0.122944542,0.312963697
0.117807844,0.318655491
0.120180065,0.307356856
0.130054978,0.313105284
0.129918,0.313190236
0.14223985,0.330265617
0.157045994,0.347298522
0.174355111,0.330265617
0.179217852,0.301863284
0.194142296,0.296199807
0.194198333,0.279166903
0.191938185,0.262077363
0.187411664,0.267641728
0.183165327,0.244803761
0.174267943,0.233363539
0.173184566,0.23918276
0.177381093,0.256725378
0.169293128,0.297290027
0.166267146,0.281418134
0.165669421,0.26590021
0.159860282,0.250566348
0.148733882,0.229682279
0.132234184,0.237087274
0.125347895,0.250014159
0.118131612,0.251203489
0.108163303,0.257617376
0.105542031,0.246616073
0.097852549,0.240966755
0.087697452,0.246502803
0.085063726,0.263323328
0.072461693,0.263238376
0.074858819,0.263210058
0.074746745,0.251883106
0.084590527,0.246247947
0.084422417,0.240570312
0.086713696,0.240584471
0.081514735,0.251982217
0.073775442,0.252038851
0.07103587,0.246417851
0.070780591,0.240754375
0.075537485,0.246488645
0.07778518,0.257843915
0.077542354,0.280540296
0.077268397,0.274848502
0.071976041,0.252067169
0.064143354,0.234892677
0.053770337,0.206277963
0.048372134,0.206051424
0.04548313,0.188834457
0.06756782,0.194427139
0.094639777,0.205711616
0.146679202,0.194299711
0.218723733,0.199849918
0.318213799,0.199750807
0.435137508,0.216684601
0.569532218,0.2450303
0.698920982,0.313105284
0.81330436,0.437914142
0.887714885,0.602381492
0.899731646,0.755536048
0.839342752,0.914396557
0.726528401,0.982499858
0.576287755,0.971187065
0.411110212,0.908761398
0.265937774,0.755451096
0.155757149,0.585093731
0.083096215,0.409129524
0.042905441,0.244421476
0.027675909,0.147859206
0.034929549,0.096661381
0.047170457,0.11915954
0.061908112,0.153027128
0.061702644,0.209704367
0.054038068,0.249405335
0.048901369,0.26643824
0.048783069,0.249405335
0.043671276,0.243671065
0.041037551,0.232216685
0.038416278,0.243487002
0.028323444,0.237738574
0.033254674,0.248952257
0.028180239,0.22610013
0.030589818,0.208869004
0.025478024,0.20296483
0.025353498,0.202766608
0.015235759,0.219657926
0.010130192,0.213824546
0.010055476,0.202327689
0.012508639,0.202228578
0.0199802,0.20210115
0.022476947,0.224726737
0.032439029,0.230305261
0.029867567,0.213074135
0.029680778,0.201464009
0.039331544,0.184105454
0.036293109,0.178130486
0.032955812,0.1836099
0.019313986,0.206193011
0.015341606,0.211672425
0.01607631,0.205541712
0.019083613,0.204748825
0.02447559,0.19226086
0.024911431,0.185068245
0.03304298,0.205867361
0.029002111,0.203757716
0.025372177,0.196012913
0.019675112,0.177139378
0.024288801,0.147377811
0.021655075,0.140864813
0.024151822,0.134804893
0.026710832,0.146131846
0.024295027,0.157614544
0.019382475,0.16339129
0.024450685,0.163433766
0.0245254,0.169054766
0.02957493,0.16889902
0.034630687,0.191312227
0.037233281,0.185294784
0.039867006,0.156580959
0.037525917,0.139335674
0.040197,0.099535595
0.042886762,0.09959223
0.04809195,0.105340658
0.045806897,0.128178626
0.043540524,0.1397038
0.036293109,0.128575069
0.041516976,0.123123973
0.044244096,0.117701195
0.046946311,0.112221782
0.049636073,0.129410432
0.054797676,0.101149686
0.054965786,0.072874781
0.057618191,0.04465651
0.052811486,0.039219573
0.047967424,0.050872175
0.048129308,0.056917936
0.050787938,0.085660078
0.055937089,0.080322252
0.066104639,0.069278473
0.071247564,0.069589964
0.068894022,0.05850371
0.071521521,0.070099677
0.07414902,0.064591947
0.069280053,0.047785581
0.066914058,0.04801212
0.062069996,0.036925865
0.072200188,0.042914991
0.069871551,0.060301863
0.072536408,0.083394688
0.072692066,0.08380529
0.072822818,0.095528686
0.085437304,0.073186272
0.093027165,0.056493176
0.090630039,0.051084556
0.083251873,0.062666365
0.078389131,0.062907062
0.076023137,0.05752676
0.078638183,0.052203092
0.08625295,0.041258424
0.091370969,0.058758566
0.103979229,0.087628136
0.114109421,0.116526024
0.121730414,0.145423911
0.119351967,0.145891148
0.126935601,0.140666591
0.129488385,0.16381605
0.134537915,0.169932605
0.132078526,0.187418588
0.122116444,0.20490457
0.117154082,0.205371807
0.112210399,0.211573314
0.109782142,0.20641955
0.11235983,0.241037549
0.114968651,0.258566008
0.11503714,0.287506371
0.117571244,0.299399672
0.120099123,0.265843575
0.112621335,0.243671065
0.115130534,0.232825508
0.110149493,0.233278586
0.105168453,0.239423458
0.09771557,0.251288441
0.092771887,0.246134677
0.09034363,0.246729342
0.092908866,0.236039531
0.090455703,0.248116894
0.095480328,0.271507051
0.098014433,0.283485303
0.093045844,0.272724698
0.095573723,0.26762757
0.103088868,0.251047743
0.103095094,0.26287025
0.105591841,0.269057598
0.103101321,0.269538993
0.10312,0.270077023
0.100660611,0.253596307
0.098219901,0.254176814
0.100754005,0.260420796
0.098294616,0.277949255
0.103331694,0.284094127
0.100853626,0.290210681
0.10582844,0.27919522
0.108287829,0.262516282
0.103250752,0.257178456
0.105722593,0.263224217
0.103200941,0.257886391
0.105716367,0.25259104
0.103281883,0.241646373
0.105903156,0.236365181
0.106058814,0.248088577
0.111245322,0.265404655
0.108947817,0.282621623
0.099160072,0.294076004
0.099353087,0.277128051
0.097030677,0.265716147
0.099683081,0.254304242
0.104832232,0.242934813
0.104994116,0.254332559
0.105137321,0.265815257
0.100255901,0.24318967
0.100374201,0.254601574
0.110473261,0.260350003
0.115535244,0.283103019
0.115585054,0.277482018
0.110622692,0.271818542
0.110622692,0.266155066
0.108076135,0.237766891
0.110504393,0.232089256
0.100430237,0.237809367
0.105305431,0.249221272
0.107690105,0.255026335
0.105068832,0.255097129
0.107453505,0.260859716
0.109850631,0.260944668
0.107279169,0.289431953
0.109688747,0.289502747
0.102130018,0.283881747
0.107042569,0.266834683
0.104446202,0.261114572
0.10680597,0.261072096
0.104184697,0.24967435
0.109047438,0.266735572
0.111438338,0.272484001
0.118816505,0.28395254
0.126200898,0.289729286
0.138572558,0.301127032
0.150937992,0.335192841
0.158278801,0.340828
0.155613944,0.329416096
0.152917956,0.312213287
0.160264991,0.300702271
0.162687023,0.300546525
0.162743059,0.317466161
0.165470179,0.306025939
0.183426832,0.305997621
0.19169536,0.29465651
0.195325293,0.289063827
0.1967947,0.29498216
0.201047264,0.306903778
0.197977697,0.296525457
0.197436009,0.286472787
0.201725931,0.276802401
0.195754908,0.255918333
0.18442304,0.252024693
0.175176983,0.259344736
0.158092012,0.249249589
0.140751764,0.238772158
0.13319926,0.244888713
0.133037376,0.261949935
0.122826243,0.278742142
0.125129974,0.301112873
0.124974317,0.295180382
0.114856577,0.272314096
0.112210399,0.266608144
0.104552049,0.249589398
0.099371766,0.255281192
0.096694457,0.249589398
0.096488989,0.249589398
0.091290027,0.232598969
0.07857592,0.232627287
0.068327429,0.25529535
0.070568897,0.266608144
0.072804139,0.272115875
0.085026368,0.266225859
0.089745905,0.254658209
0.094446762,0.237412924
0.091601342,0.248555814
0.083731298,0.242623322
0.075836348,0.21961545
0.055457664,0.207977006
0.052562434,0.179362293
0.057157444,0.190590134
0.079248361,0.218850881
0.118797826,0.252746786
0.183296079,0.263917993
0.267793212,0.241051708
0.384754279,0.206872628
0.516683374,0.201067565
0.648581337,0.229356629
0.770486087,0.331440788
0.864963981,0.456178853
0.90704755,0.580945234
0.894227596,0.728450473
0.811529864,0.870292235
0.683940501,0.961148553
0.513937575,0.949779124
0.341437902,0.853188537
0.206383204,0.665699156
0.11128268,0.466812029
0.058651757,0.284887014
0.0360067,0.165387665
0.033360522,0.108313983
0.040707557,0.09677465
0.050563792,0.119343603
0.057929506,0.158987937
0.067810646,0.215764286
0.065220504,0.266848842
0.052662055,0.278232429
0.040134737,0.278232429
0.032607139,0.244081667
0.025042183,0.209916747
0.024973694,0.198349097
0.022389779,0.215141304
0.02981153,0.214872289
0.027258746,0.203304638
0.019700017,0.191779464
0.027140447,0.197329671
0.027103089,0.191524608
0.024587663,0.214121878
0.022078464,0.219657926
0.024600116,0.225264768
0.027115541,0.219431387
0.024587663,0.202186102
0.01947587,0.196225293
0.0266797,0.201563119
0.023678623,0.189839724
0.022931467,0.183864756
0.019388702,0.16663363
0.013044101,0.172070567
0.018896824,0.16598233
0.021997522,0.187999094
0.022414684,0.192614827
0.020316421,0.213923656
0.020858109,0.178187121
0.016686487,0.181939174
0.015397643,0.18004191
0.017016481,0.178257915
0.009053042,0.165458458
0.006388185,0.147434445
0.011406584,0.12424251
0.016518377,0.124157558
0.016655356,0.130005097
0.026804226,0.147151271
0.024438232,0.152772272
0.022022427,0.175270431
0.022072238,0.163646146
0.022115822,0.15765702
0.029637193,0.145933624
0.029687004,0.139930339
0.029780398,0.105482245
0.029917377,0.099493119
0.022620152,0.065214929
0.027844019,0.076442771
0.033086564,0.093489834
0.04081963,0.093461517
0.046080855,0.104745993
0.043864292,0.093362406
0.046659901,0.087656454
0.051958483,0.076371977
0.052213761,0.087783882
0.052444135,0.082162882
0.052649602,0.08217704
0.050352097,0.053817183
0.040570578,0.059622246
0.053266006,0.042830039
0.063489593,0.065880387
0.066241618,0.077632101
0.071515295,0.066588322
0.071783026,0.055459591
0.072038304,0.061363765
0.072249998,0.061576145
0.06744952,0.067437843
0.065114657,0.073299541
0.065270315,0.056422382
0.065438425,0.033881747
0.063109788,0
0.065768419,0.011581809
0.060943036,0.040295633
0.066098413,0.051990712
0.061260577,0.052316362
0.061434913,0.081030186
0.074117889,0.070000566
0.076801425,0.081709803
0.081987933,0.093419041
0.08216227,0.088024579
0.077324434,0.094013706
0.077455186,0.077249816
0.085045047,0.07753299
0.087647641,0.100625814
0.095249955,0.135102226
0.102877174,0.163943479
0.113001139,0.198448208
0.115653544,0.198887127
0.120815147,0.193591777
0.123448873,0.188324744
0.123573399,0.200104774
0.118660847,0.200501218
0.116238816,0.20653282
0.108810839,0.195545676
0.101395314,0.178909214
0.101494935,0.207750467
0.099135167,0.230984879
0.096762946,0.248555814
0.094378273,0.260463272
0.096980867,0.295052954
0.094577514,0.284235714
0.092161709,0.273446792
0.092230199,0.26827887
0.089783262,0.274480376
0.097310861,0.275004248
0.09232982,0.269793849
0.087348779,0.247607181
0.09237963,0.236818259
0.082454906,0.237483718
0.082542074,0.266452398
0.087622736,0.267047063
0.097703118,0.27898284
0.102783779,0.268123124
0.102877174,0.245865662
0.105423731,0.246304582
0.100480048,0.235388231
0.093027165,0.258594325
0.090567776,0.253426403
0.085611641,0.242623322
0.085655225,0.231791924
0.09067985,0.238035906
0.085736167,0.244209096
0.085773525,0.284391459
0.085804656,0.296129014
0.098300842,0.290819505
0.093307349,0.285481679
0.100785137,0.263025995
0.09328867,0.257560741
0.095785417,0.263479073
0.093307349,0.263719771
0.09084796,0.263960469
0.085941635,0.264215325
0.088562907,0.253157388
0.091202859,0.259118197
0.101333051,0.287803704
0.101507388,0.288072719
0.101681724,0.299668687
0.101837381,0.271492892
0.104489786,0.266027638
0.104645443,0.243444526
0.102341712,0.243571954
0.095069392,0.243756017
0.090306272,0.249617715
0.090542871,0.244152461
0.098307069,0.244379
0.098549894,0.267330237
0.103798666,0.273234411
0.101575877,0.284773744
0.099334408,0.290578807
0.099546103,0.284971966
0.094714493,0.285014442
